{
    "words": [
        {
            "alignedWord": "I",
            "start": 0.0,
            "end": 0.14217687074829935,
            "phonemes": [
                [
                    "AY1",
                    0.0,
                    0.14217687074829935
                ]
            ]
        },
        {
            "alignedWord": "WAS",
            "start": 0.14217687074829935,
            "end": 0.47142857142857153,
            "phonemes": [
                [
                    "W",
                    0.14217687074829935,
                    0.3117913832199547
                ],
                [
                    "AA1",
                    0.3117913832199547,
                    0.3616780045351474
                ],
                [
                    "Z",
                    0.3616780045351474,
                    0.47142857142857153
                ]
            ]
        },
        {
            "alignedWord": "IMPATIENT",
            "start": 0.47142857142857153,
            "end": 1.1199546485260774,
            "phonemes": [
                [
                    "IH0",
                    0.47142857142857153,
                    0.5013605442176872
                ],
                [
                    "M",
                    0.5013605442176872,
                    0.5911564625850341
                ],
                [
                    "P",
                    0.5911564625850341,
                    0.660997732426304
                ],
                [
                    "EY1",
                    0.660997732426304,
                    0.8006802721088437
                ],
                [
                    "SH",
                    0.8006802721088437,
                    0.9403628117913835
                ],
                [
                    "AH0",
                    0.9403628117913835,
                    1.0002267573696146
                ],
                [
                    "N",
                    1.0002267573696146,
                    1.0900226757369618
                ],
                [
                    "T",
                    1.0900226757369618,
                    1.1199546485260774
                ]
            ]
        },
        {
            "alignedWord": "sp",
            "start": 1.1199546485260774,
            "end": 1.2795918367346941,
            "phonemes": [
                [
                    "sp",
                    1.1199546485260774,
                    1.2795918367346941
                ]
            ]
        },
        {
            "alignedWord": "TO",
            "start": 1.2795918367346941,
            "end": 1.409297052154195,
            "phonemes": [
                [
                    "T",
                    1.2795918367346941,
                    1.3394557823129254
                ],
                [
                    "UW1",
                    1.3394557823129254,
                    1.409297052154195
                ]
            ]
        },
        {
            "alignedWord": "SEE",
            "start": 1.409297052154195,
            "end": 1.7585034013605443,
            "phonemes": [
                [
                    "S",
                    1.409297052154195,
                    1.568934240362812
                ],
                [
                    "IY1",
                    1.568934240362812,
                    1.7585034013605443
                ]
            ]
        },
        {
            "alignedWord": "IT",
            "start": 1.7585034013605443,
            "end": 1.878231292517007,
            "phonemes": [
                [
                    "IH1",
                    1.7585034013605443,
                    1.78843537414966
                ],
                [
                    "T",
                    1.78843537414966,
                    1.878231292517007
                ]
            ]
        },
        {
            "alignedWord": "OPENED",
            "start": 1.878231292517007,
            "end": 2.2076643990929705,
            "phonemes": [
                [
                    "OW1",
                    1.878231292517007,
                    2.0678004535147396
                ],
                [
                    "P",
                    2.0678004535147396,
                    2.097732426303855
                ],
                [
                    "AH0",
                    2.097732426303855,
                    2.127664399092971
                ],
                [
                    "N",
                    2.127664399092971,
                    2.1575963718820863
                ],
                [
                    "D",
                    2.1575963718820863,
                    2.2076643990929705
                ]
            ]
        }
    ]
}