{
    "words": [
        {
            "alignedWord": "THEIR",
            "start": 0.0,
            "end": 0.15215419501133787,
            "phonemes": [
                [
                    "DH",
                    0.0,
                    0.04240362811791383
                ],
                [
                    "EH1",
                    0.04240362811791383,
                    0.12222222222222222
                ],
                [
                    "R",
                    0.12222222222222222,
                    0.15215419501133787
                ]
            ]
        },
        {
            "alignedWord": "PAY",
            "start": 0.15215419501133787,
            "end": 0.5612244897959183,
            "phonemes": [
                [
                    "P",
                    0.15215419501133787,
                    0.3117913832199546
                ],
                [
                    "EY1",
                    0.3117913832199546,
                    0.5612244897959183
                ]
            ]
        },
        {
            "alignedWord": "IS",
            "start": 0.5612244897959183,
            "end": 0.7607709750566892,
            "phonemes": [
                [
                    "IH1",
                    0.5612244897959183,
                    0.6410430839002267
                ],
                [
                    "Z",
                    0.6410430839002267,
                    0.7607709750566892
                ]
            ]
        },
        {
            "alignedWord": "CONSIDERED",
            "start": 0.7607709750566892,
            "end": 1.3494331065759635,
            "phonemes": [
                [
                    "K",
                    0.7607709750566892,
                    0.8804988662131518
                ],
                [
                    "AH0",
                    0.8804988662131518,
                    0.9104308390022674
                ],
                [
                    "N",
                    0.9104308390022674,
                    0.940362811791383
                ],
                [
                    "S",
                    0.940362811791383,
                    1.0800453514739228
                ],
                [
                    "IH1",
                    1.0800453514739228,
                    1.1498866213151924
                ],
                [
                    "D",
                    1.1498866213151924,
                    1.2097505668934236
                ],
                [
                    "ER0",
                    1.2097505668934236,
                    1.3095238095238093
                ],
                [
                    "D",
                    1.3095238095238093,
                    1.3494331065759635
                ]
            ]
        },
        {
            "alignedWord": "TO",
            "start": 1.3494331065759635,
            "end": 1.6188208616780042,
            "phonemes": [
                [
                    "T",
                    1.3494331065759635,
                    1.5390022675736958
                ],
                [
                    "UW1",
                    1.5390022675736958,
                    1.6188208616780042
                ]
            ]
        },
        {
            "alignedWord": "HAVE",
            "start": 1.6188208616780042,
            "end": 1.8283446712018134,
            "phonemes": [
                [
                    "HH",
                    1.6188208616780042,
                    1.6986394557823123
                ],
                [
                    "AE1",
                    1.6986394557823123,
                    1.7684807256235822
                ],
                [
                    "V",
                    1.7684807256235822,
                    1.8283446712018134
                ]
            ]
        },
        {
            "alignedWord": "sp",
            "start": 1.8283446712018134,
            "end": 1.8882086167800445,
            "phonemes": [
                [
                    "sp",
                    1.8283446712018134,
                    1.8882086167800445
                ]
            ]
        },
        {
            "alignedWord": "BEEN",
            "start": 1.8882086167800445,
            "end": 2.187528344671201,
            "phonemes": [
                [
                    "B",
                    1.8882086167800445,
                    1.9580498866213143
                ],
                [
                    "IH1",
                    1.9580498866213143,
                    2.027891156462584
                ],
                [
                    "N",
                    2.027891156462584,
                    2.187528344671201
                ]
            ]
        },
        {
            "alignedWord": "sp",
            "start": 2.187528344671201,
            "end": 2.2573696145124704,
            "phonemes": [
                [
                    "sp",
                    2.187528344671201,
                    2.2573696145124704
                ]
            ]
        },
        {
            "alignedWord": "SURPRISINGLY",
            "start": 2.2573696145124704,
            "end": 3.195238095238093,
            "phonemes": [
                [
                    "S",
                    2.2573696145124704,
                    2.486848072562357
                ],
                [
                    "ER0",
                    2.486848072562357,
                    2.5167800453514726
                ],
                [
                    "P",
                    2.5167800453514726,
                    2.626530612244897
                ],
                [
                    "R",
                    2.626530612244897,
                    2.666439909297051
                ],
                [
                    "AY1",
                    2.666439909297051,
                    2.7761904761904748
                ],
                [
                    "Z",
                    2.7761904761904748,
                    2.8959183673469373
                ],
                [
                    "IH0",
                    2.8959183673469373,
                    2.9258503401360527
                ],
                [
                    "NG",
                    2.9258503401360527,
                    3.005668934240361
                ],
                [
                    "L",
                    3.005668934240361,
                    3.0356009070294765
                ],
                [
                    "IY0",
                    3.0356009070294765,
                    3.195238095238093
                ]
            ]
        },
        {
            "alignedWord": "LOW",
            "start": 3.195238095238093,
            "end": 3.3844444444444446,
            "phonemes": [
                [
                    "L",
                    3.195238095238093,
                    3.28503401360544
                ],
                [
                    "OW1",
                    3.28503401360544,
                    3.3844444444444446
                ]
            ]
        }
    ]
}