{
    "words": [
        {
            "alignedWord": "HE",
            "start": 0.0,
            "end": 0.19206349206349205,
            "phonemes": [
                [
                    "HH",
                    0.0,
                    0.04240362811791383
                ],
                [
                    "IY1",
                    0.04240362811791383,
                    0.19206349206349205
                ]
            ]
        },
        {
            "alignedWord": "SUCCEEDED",
            "start": 0.19206349206349205,
            "end": 1.0201814058956915,
            "phonemes": [
                [
                    "S",
                    0.19206349206349205,
                    0.34172335600907033
                ],
                [
                    "AH0",
                    0.34172335600907033,
                    0.4115646258503402
                ],
                [
                    "K",
                    0.4115646258503402,
                    0.4714285714285715
                ],
                [
                    "S",
                    0.4714285714285715,
                    0.591156462585034
                ],
                [
                    "IY1",
                    0.591156462585034,
                    0.7507936507936508
                ],
                [
                    "D",
                    0.7507936507936508,
                    0.7807256235827664
                ],
                [
                    "AH0",
                    0.7807256235827664,
                    0.8804988662131519
                ],
                [
                    "D",
                    0.8804988662131519,
                    1.0201814058956915
                ]
            ]
        },
        {
            "alignedWord": "sp",
            "start": 1.0201814058956915,
            "end": 1.0600907029478457,
            "phonemes": [
                [
                    "sp",
                    1.0201814058956915,
                    1.0600907029478457
                ]
            ]
        },
        {
            "alignedWord": "THE",
            "start": 1.0600907029478457,
            "end": 1.3095238095238093,
            "phonemes": [
                [
                    "DH",
                    1.0600907029478457,
                    1.119954648526077
                ],
                [
                    "AH0",
                    1.119954648526077,
                    1.3095238095238093
                ]
            ]
        },
        {
            "alignedWord": "sp",
            "start": 1.3095238095238093,
            "end": 1.359410430839002,
            "phonemes": [
                [
                    "sp",
                    1.3095238095238093,
                    1.359410430839002
                ]
            ]
        },
        {
            "alignedWord": "SECOND",
            "start": 1.359410430839002,
            "end": 1.8283446712018137,
            "phonemes": [
                [
                    "S",
                    1.359410430839002,
                    1.5290249433106573
                ],
                [
                    "EH1",
                    1.5290249433106573,
                    1.6387755102040813
                ],
                [
                    "K",
                    1.6387755102040813,
                    1.6986394557823126
                ],
                [
                    "AH0",
                    1.6986394557823126,
                    1.7285714285714282
                ],
                [
                    "N",
                    1.7285714285714282,
                    1.778458049886621
                ],
                [
                    "D",
                    1.778458049886621,
                    1.8283446712018137
                ]
            ]
        },
        {
            "alignedWord": "sp",
            "start": 1.8283446712018137,
            "end": 1.9780045351473918,
            "phonemes": [
                [
                    "sp",
                    1.8283446712018137,
                    1.9780045351473918
                ]
            ]
        },
        {
            "alignedWord": "TIME",
            "start": 1.9780045351473918,
            "end": 2.451111111111111,
            "phonemes": [
                [
                    "T",
                    1.9780045351473918,
                    2.037868480725623
                ],
                [
                    "AY1",
                    2.037868480725623,
                    2.2773242630385484
                ],
                [
                    "M",
                    2.2773242630385484,
                    2.451111111111111
                ]
            ]
        }
    ]
}