{
    "words": [
        {
            "alignedWord": "HIS",
            "start": 0.0,
            "end": 0.28185941043083906,
            "phonemes": [
                [
                    "HH",
                    0.0,
                    0.06235827664399093
                ],
                [
                    "IH1",
                    0.06235827664399093,
                    0.12222222222222222
                ],
                [
                    "Z",
                    0.12222222222222222,
                    0.28185941043083906
                ]
            ]
        },
        {
            "alignedWord": "REPLACEMENT",
            "start": 0.28185941043083906,
            "end": 1.0501133786848074,
            "phonemes": [
                [
                    "R",
                    0.28185941043083906,
                    0.3616780045351474
                ],
                [
                    "IH0",
                    0.3616780045351474,
                    0.461451247165533
                ],
                [
                    "P",
                    0.461451247165533,
                    0.5612244897959185
                ],
                [
                    "L",
                    0.5612244897959185,
                    0.6111111111111113
                ],
                [
                    "EY1",
                    0.6111111111111113,
                    0.6909297052154197
                ],
                [
                    "S",
                    0.6909297052154197,
                    0.8405895691609979
                ],
                [
                    "M",
                    0.8405895691609979,
                    0.9104308390022678
                ],
                [
                    "AH0",
                    0.9104308390022678,
                    0.9503401360544219
                ],
                [
                    "N",
                    0.9503401360544219,
                    1.0201814058956917
                ],
                [
                    "T",
                    1.0201814058956917,
                    1.0501133786848074
                ]
            ]
        },
        {
            "alignedWord": "FOR",
            "start": 1.0501133786848074,
            "end": 1.5290249433106575,
            "phonemes": [
                [
                    "F",
                    1.0501133786848074,
                    1.279591836734694
                ],
                [
                    "AO1",
                    1.279591836734694,
                    1.499092970521542
                ],
                [
                    "R",
                    1.499092970521542,
                    1.5290249433106575
                ]
            ]
        },
        {
            "alignedWord": "THE",
            "start": 1.5290249433106575,
            "end": 1.8083900226757368,
            "phonemes": [
                [
                    "DH",
                    1.5290249433106575,
                    1.6188208616780044
                ],
                [
                    "AH0",
                    1.6188208616780044,
                    1.8083900226757368
                ]
            ]
        },
        {
            "alignedWord": "WAS",
            "start": 1.8083900226757368,
            "end": 2.277324263038549,
            "phonemes": [
                [
                    "W",
                    1.8083900226757368,
                    1.888208616780045
                ],
                [
                    "AA1",
                    1.888208616780045,
                    2.0877551020408163
                ],
                [
                    "Z",
                    2.0877551020408163,
                    2.277324263038549
                ]
            ]
        },
        {
            "alignedWord": "sp",
            "start": 2.277324263038549,
            "end": 2.426984126984127,
            "phonemes": [
                [
                    "sp",
                    2.277324263038549,
                    2.426984126984127
                ]
            ]
        },
        {
            "alignedWord": "DEREK",
            "start": 2.426984126984127,
            "end": 2.766213151927437,
            "phonemes": [
                [
                    "D",
                    2.426984126984127,
                    2.4569160997732427
                ],
                [
                    "EH1",
                    2.4569160997732427,
                    2.5666666666666664
                ],
                [
                    "R",
                    2.5666666666666664,
                    2.6963718820861673
                ],
                [
                    "IH0",
                    2.6963718820861673,
                    2.726303854875283
                ],
                [
                    "K",
                    2.726303854875283,
                    2.766213151927437
                ]
            ]
        },
        {
            "alignedWord": "sp",
            "start": 2.766213151927437,
            "end": 2.9058956916099765,
            "phonemes": [
                [
                    "sp",
                    2.766213151927437,
                    2.9058956916099765
                ]
            ]
        },
        {
            "alignedWord": "WADSWORTH",
            "start": 2.9058956916099765,
            "end": 3.5843537414965976,
            "phonemes": [
                [
                    "W",
                    2.9058956916099765,
                    3.0854875283446708
                ],
                [
                    "AA1",
                    3.0854875283446708,
                    3.115419501133786
                ],
                [
                    "D",
                    3.115419501133786,
                    3.1553287981859404
                ],
                [
                    "Z",
                    3.1553287981859404,
                    3.3049886621315183
                ],
                [
                    "W",
                    3.3049886621315183,
                    3.4346938775510196
                ],
                [
                    "ER0",
                    3.4346938775510196,
                    3.5344671201814046
                ],
                [
                    "TH",
                    3.5344671201814046,
                    3.5843537414965976
                ]
            ]
        },
        {
            "alignedWord": "sp",
            "start": 3.5843537414965976,
            "end": 4.352607709750565,
            "phonemes": [
                [
                    "sp",
                    3.5843537414965976,
                    4.352607709750565
                ]
            ]
        },
        {
            "alignedWord": "WHO",
            "start": 4.352607709750565,
            "end": 4.492290249433106,
            "phonemes": [
                [
                    "HH",
                    4.352607709750565,
                    4.402494331065759
                ],
                [
                    "UW1",
                    4.402494331065759,
                    4.492290249433106
                ]
            ]
        },
        {
            "alignedWord": "COMPOSED",
            "start": 4.492290249433106,
            "end": 5.170748299319729,