{
    "words": [
        {
            "alignedWord": "WHATS",
            "start": 0.0,
            "end": 0.2120181405895692,
            "phonemes": [
                [
                    "W",
                    0.0,
                    0.04240362811791383
                ],
                [
                    "AH0",
                    0.04240362811791383,
                    0.07233560090702948
                ],
                [
                    "T",
                    0.07233560090702948,
                    0.13219954648526078
                ],
                [
                    "S",
                    0.13219954648526078,
                    0.2120181405895692
                ]
            ]
        },
        {
            "alignedWord": "IT",
            "start": 0.2120181405895692,
            "end": 0.2918367346938776,
            "phonemes": [
                [
                    "IH1",
                    0.2120181405895692,
                    0.24195011337868483
                ],
                [
                    "T",
                    0.24195011337868483,
                    0.2918367346938776
                ]
            ]
        },
        {
            "alignedWord": "ALL",
            "start": 0.2918367346938776,
            "end": 0.4414965986394558,
            "phonemes": [
                [
                    "AO1",
                    0.2918367346938776,
                    0.3517006802721089
                ],
                [
                    "L",
                    0.3517006802721089,
                    0.4414965986394558
                ]
            ]
        },
        {
            "alignedWord": "ABOUT",
            "start": 0.4414965986394558,
            "end": 0.8297052154195012,
            "phonemes": [
                [
                    "AH0",
                    0.4414965986394558,
                    0.4714285714285715
                ],
                [
                    "B",
                    0.4714285714285715,
                    0.5612244897959184
                ],
                [
                    "AW1",
                    0.5612244897959184,
                    0.7308390022675737
                ],
                [
                    "T",
                    0.7308390022675737,
                    0.8297052154195012
                ]
            ]
        }
    ]
}