{
    "words": [
        {
            "alignedWord": "THE",
            "start": 0.0,
            "end": 0.07233560090702948,
            "phonemes": [
                [
                    "DH",
                    0.0,
                    0.04240362811791383
                ],
                [
                    "AH0",
                    0.04240362811791383,
                    0.07233560090702948
                ]
            ]
        },
        {
            "alignedWord": "BANDS",
            "start": 0.07233560090702948,
            "end": 0.4115646258503402,
            "phonemes": [
                [
                    "B",
                    0.07233560090702948,
                    0.18208616780045353
                ],
                [
                    "AE1",
                    0.18208616780045353,
                    0.2619047619047619
                ],
                [
                    "N",
                    0.2619047619047619,
                    0.31179138321995464
                ],
                [
                    "D",
                    0.31179138321995464,
                    0.34172335600907033
                ],
                [
                    "Z",
                    0.34172335600907033,
                    0.4115646258503402
                ]
            ]
        },
        {
            "alignedWord": "PERFORMANCE",
            "start": 0.41156462585034026,
            "end": 0.9403628117913833,
            "phonemes": [
                [
                    "P",
                    0.41156462585034026,
                    0.461451247165533
                ],
                [
                    "ER0",
                    0.461451247165533,
                    0.5213151927437643
                ],
                [
                    "F",
                    0.5213151927437643,
                    0.6111111111111112
                ],
                [
                    "AO1",
                    0.6111111111111112,
                    0.7009070294784581
                ],
                [
                    "R",
                    0.7009070294784581,
                    0.7408163265306122
                ],
                [
                    "M",
                    0.7408163265306122,
                    0.7907029478458051
                ],
                [
                    "AH0",
                    0.7907029478458051,
                    0.8206349206349207
                ],
                [
                    "N",
                    0.8206349206349207,
                    0.8505668934240362
                ],
                [
                    "S",
                    0.8505668934240362,
                    0.9403628117913833
                ]
            ]
        },
        {
            "alignedWord": "COMPRISES",
            "start": 0.9403628117913833,
            "end": 1.489115646258503,
            "phonemes": [
                [
                    "K",
                    0.9403628117913833,
                    0.9802721088435373
                ],
                [
                    "AH0",
                    0.9802721088435373,
                    1.0501133786848071
                ],
                [
                    "M",
                    1.0501133786848071,
                    1.0999999999999999
                ],
                [
                    "P",
                    1.0999999999999999,
                    1.1698412698412695
                ],
                [
                    "R",
                    1.1698412698412695,
                    1.2097505668934236
                ],
                [
                    "AY1",
                    1.2097505668934236,
                    1.2795918367346935
                ],
                [
                    "Z",
                    1.2795918367346935,
                    1.3394557823129247
                ],
                [
                    "AH0",
                    1.3394557823129247,
                    1.3693877551020404
                ],
                [
                    "Z",
                    1.3693877551020404,
                    1.489115646258503
                ]
            ]
        },
        {
            "alignedWord": "MOST",
            "start": 1.489115646258503,
            "end": 1.7185941043083892,
            "phonemes": [
                [
                    "M",
                    1.489115646258503,
                    1.5589569160997727
                ],
                [
                    "OW1",
                    1.5589569160997727,
                    1.618820861678004
                ],
                [
                    "S",
                    1.618820861678004,
                    1.6487528344671194
                ],
                [
                    "T",
                    1.6487528344671194,
                    1.7185941043083892
                ]
            ]
        },
        {
            "alignedWord": "OF",
            "start": 1.7185941043083892,
            "end": 1.788435374149659,
            "phonemes": [
                [
                    "AH1",
                    1.7185941043083892,
                    1.7485260770975048
                ],
                [
                    "V",
                    1.7485260770975048,
                    1.788435374149659
                ]
            ]
        },
        {
            "alignedWord": "THE",
            "start": 1.788435374149659,
            "end": 1.8682539682539674,
            "phonemes": [
                [
                    "DH",
                    1.788435374149659,
                    1.8283446712018132
                ],
                [
                    "AH0",
                    1.8283446712018132,
                    1.8682539682539674
                ]
            ]
        },
        {
            "alignedWord": "VIDEO",
            "start": 1.8682539682539674,
            "end": 2.2673469387755087,
            "phonemes": [
                [
                    "V",
                    1.8682539682539674,
                    1.958049886621314
                ],
                [
                    "IH1",
                    1.958049886621314,
                    2.0678004535147383
                ],
                [
                    "D",
                    2.0678004535147383,
                    2.1077097505668925
                ],
                [
                    "IY0",
                    2.1077097505668925,
                    2.227437641723355
                ],
                [
                    "OW0",
                    2.227437641723355,
                    2.2673469387755087
                ]
            ]
        },
        {
            "alignedWord": "UNTIL",
            "start": 2.2673469387755087,
            "end": 2.546712018140588,
            "phonemes": [
                [
                    "AH0",
                    2.2673469387755087,
                    2.3870748299319713
                ],
                [
                    "N",
                    2.3870748299319713,
                    2.417006802721087
                ],
                [
                    "T",
                    2.417006802721087,
                    2.4868480725623567
                ],
                [
                    "IH1",
                    2.4868480725623567,
                    2.516780045351472
                ],
                [
                    "L",
                    2.516780045351472,
                    2.546712018140588
                ]
            ]
        },
        {
            "alignedWord": "THE",
            "start": 2.546712018140588,
            "end": 2.6165532879818576,