{
    "words": [
        {
            "alignedWord": "sp",
            "start": 0.0,
            "end": 0.6210884353741496,
            "phonemes": [
                [
                    "sp",
                    0.0,
                    0.6210884353741496
                ]
            ]
        },
        {
            "alignedWord": "THE",
            "start": 0.6210884353741496,
            "end": 0.700907029478458,
            "phonemes": [
                [
                    "DH",
                    0.6210884353741496,
                    0.6709750566893424
                ],
                [
                    "AH0",
                    0.6709750566893424,
                    0.700907029478458
                ]
            ]
        },
        {
            "alignedWord": "ALBUM",
            "start": 0.700907029478458,
            "end": 1.2396825396825395,
            "phonemes": [
                [
                    "AE1",
                    0.700907029478458,
                    0.8705215419501133
                ],
                [
                    "L",
                    0.8705215419501133,
                    1.0002267573696144
                ],
                [
                    "B",
                    1.0002267573696144,
                    1.0700680272108842
                ],
                [
                    "AH0",
                    1.0700680272108842,
                    1.1897959183673468
                ],
                [
                    "M",
                    1.1897959183673468,
                    1.2396825396825395
                ]
            ]
        },
        {
            "alignedWord": "NONETHELESS",
            "start": 1.2396825396825395,
            "end": 2.067800453514739,
            "phonemes": [
                [
                    "N",
                    1.2396825396825395,
                    1.3594104308390023
                ],
                [
                    "AH2",
                    1.3594104308390023,
                    1.4891156462585033
                ],
                [
                    "N",
                    1.4891156462585033,
                    1.5489795918367346
                ],
                [
                    "DH",
                    1.5489795918367346,
                    1.6188208616780044
                ],
                [
                    "AH0",
                    1.6188208616780044,
                    1.6487528344671198
                ],
                [
                    "L",
                    1.6487528344671198,
                    1.758503401360544
                ],
                [
                    "EH1",
                    1.758503401360544,
                    1.8882086167800451
                ],
                [
                    "S",
                    1.8882086167800451,
                    2.067800453514739
                ]
            ]
        },
        {
            "alignedWord": "sp",
            "start": 2.067800453514739,
            "end": 2.1176870748299317,
            "phonemes": [
                [
                    "sp",
                    2.067800453514739,
                    2.1176870748299317
                ]
            ]
        },
        {
            "alignedWord": "SOLD",
            "start": 2.1176870748299317,
            "end": 2.6863945578231294,
            "phonemes": [
                [
                    "S",
                    2.1176870748299317,
                    2.3272108843537413
                ],
                [
                    "OW1",
                    2.3272108843537413,
                    2.54671201814059
                ],
                [
                    "L",
                    2.54671201814059,
                    2.576643990929705
                ],
                [
                    "D",
                    2.576643990929705,
                    2.6863945578231294
                ]
            ]
        },
        {
            "alignedWord": "THREE",
            "start": 2.6863945578231294,
            "end": 2.995691609977324,
            "phonemes": [
                [
                    "TH",
                    2.6863945578231294,
                    2.796145124716553
                ],
                [
                    "R",
                    2.796145124716553,
                    2.865986394557823
                ],
                [
                    "IY1",
                    2.865986394557823,
                    2.995691609977324
                ]
            ]
        },
        {
            "alignedWord": "TIMES",
            "start": 2.995691609977324,
            "end": 3.4945578231292513,
            "phonemes": [
                [
                    "T",
                    2.995691609977324,
                    3.1353741496598633
                ],
                [
                    "AY1",
                    3.1353741496598633,
                    3.3349206349206346
                ],
                [
                    "M",
                    3.3349206349206346,
                    3.374829931972789
                ],
                [
                    "Z",
                    3.374829931972789,
                    3.4945578231292513
                ]
            ]
        },
        {
            "alignedWord": "AS",
            "start": 3.4945578231292513,
            "end": 3.6442176870748293,
            "phonemes": [
                [
                    "AE1",
                    3.4945578231292513,
                    3.5244897959183668
                ],
                [
                    "Z",
                    3.5244897959183668,
                    3.6442176870748293
                ]
            ]
        },
        {
            "alignedWord": "MANY",
            "start": 3.6442176870748293,
            "end": 3.91360544217687,
            "phonemes": [
                [
                    "M",
                    3.6442176870748293,
                    3.714058956916099
                ],
                [
                    "EH1",
                    3.714058956916099,
                    3.77392290249433
                ],
                [
                    "N",
                    3.77392290249433,
                    3.8437641723355997
                ],
                [
                    "IY0",
                    3.8437641723355997,
                    3.91360544217687
                ]
            ]
        },
        {
            "alignedWord": "COPIES",
            "start": 3.91360544217687,
            "end": 4.502267573696145,
            "phonemes": [
                [
                    "K",
                    3.91360544217687,
                    4.053287981859409
                ],
                [
                    "AA1",
                    4.053287981859409,
                    4.18299319727891
                ],
                [
                    "P",
                    4.18299319727891,
                    4.292743764172335
                ],
                [
                    "IY0",
                    4.292743764172335,
                    4.342630385487528
                ],
                [
                    "Z",
                    4.342630385487528,
                    4.502267573696145
                ]
            ]
        },
        {
            "alignedWord": "OVERSEAS",
            "start": 4.502267573696145,
            "end": 5.499999999999999,