{
    "words": [
        {
            "alignedWord": "sp",
            "start": 0.0,
            "end": 0.3816326530612245,
            "phonemes": [
                [
                    "sp",
                    0.0,
                    0.3816326530612245
                ]
            ]
        },
        {
            "alignedWord": "ONE",
            "start": 0.3816326530612245,
            "end": 1.0002267573696144,
            "phonemes": [
                [
                    "W",
                    0.3816326530612245,
                    0.5811791383219954
                ],
                [
                    "AH1",
                    0.5811791383219954,
                    0.6210884353741496
                ],
                [
                    "N",
                    0.6210884353741496,
                    1.0002267573696144
                ]
            ]
        },
        {
            "alignedWord": "sp",
            "start": 1.0002267573696144,
            "end": 2.2022222222222223,
            "phonemes": [
                [
                    "sp",
                    1.0002267573696144,
                    2.2022222222222223
                ]
            ]
        }
    ]
}