{
    "words": [
        {
            "alignedWord": "THEREAFTER",
            "start": 0.0,
            "end": 0.611111111111111,
            "phonemes": [
                [
                    "DH",
                    0.0,
                    0.05238095238095238
                ],
                [
                    "EH0",
                    0.05238095238095238,
                    0.15215419501133787
                ],
                [
                    "R",
                    0.15215419501133787,
                    0.1820861678004535
                ],
                [
                    "AE1",
                    0.1820861678004535,
                    0.37165532879818586
                ],
                [
                    "F",
                    0.37165532879818586,
                    0.40158730158730155
                ],
                [
                    "T",
                    0.40158730158730155,
                    0.49138321995464845
                ],
                [
                    "ER0",
                    0.49138321995464845,
                    0.611111111111111
                ]
            ]
        },
        {
            "alignedWord": "AUDITS",
            "start": 0.611111111111111,
            "end": 0.9802721088435374,
            "phonemes": [
                [
                    "AA1",
                    0.611111111111111,
                    0.7807256235827664
                ],
                [
                    "D",
                    0.7807256235827664,
                    0.8206349206349206
                ],
                [
                    "AH0",
                    0.8206349206349206,
                    0.8804988662131519
                ],
                [
                    "T",
                    0.8804988662131519,
                    0.9303854875283447
                ],
                [
                    "S",
                    0.9303854875283447,
                    0.9802721088435374
                ]
            ]
        },
        {
            "alignedWord": "WOULD",
            "start": 0.9802721088435374,
            "end": 1.080045351473923,
            "phonemes": [
                [
                    "W",
                    0.9802721088435374,
                    1.0102040816326532
                ],
                [
                    "UH1",
                    1.0102040816326532,
                    1.0401360544217688
                ],
                [
                    "D",
                    1.0401360544217688,
                    1.080045351473923
                ]
            ]
        },
        {
            "alignedWord": "TAKE",
            "start": 1.080045351473923,
            "end": 1.3693877551020408,
            "phonemes": [
                [
                    "T",
                    1.080045351473923,
                    1.1698412698412697
                ],
                [
                    "EY1",
                    1.1698412698412697,
                    1.299546485260771
                ],
                [
                    "K",
                    1.299546485260771,
                    1.3693877551020408
                ]
            ]
        },
        {
            "alignedWord": "PLACE",
            "start": 1.3693877551020408,
            "end": 1.7185941043083899,
            "phonemes": [
                [
                    "P",
                    1.3693877551020408,
                    1.3993197278911562
                ],
                [
                    "L",
                    1.3993197278911562,
                    1.449206349206349
                ],
                [
                    "EY1",
                    1.449206349206349,
                    1.5489795918367346
                ],
                [
                    "S",
                    1.5489795918367346,
                    1.7185941043083899
                ]
            ]
        },
        {
            "alignedWord": "ON",
            "start": 1.7185941043083899,
            "end": 1.7784580498866212,
            "phonemes": [
                [
                    "AA1",
                    1.7185941043083899,
                    1.7485260770975055
                ],
                [
                    "N",
                    1.7485260770975055,
                    1.7784580498866212
                ]
            ]
        },
        {
            "alignedWord": "sp",
            "start": 1.7784580498866212,
            "end": 1.8283446712018139,
            "phonemes": [
                [
                    "sp",
                    1.7784580498866212,
                    1.8283446712018139
                ]
            ]
        },
        {
            "alignedWord": "A",
            "start": 1.8283446712018139,
            "end": 1.8582766439909295,
            "phonemes": [
                [
                    "AH0",
                    1.8283446712018139,
                    1.8582766439909295
                ]
            ]
        },
        {
            "alignedWord": "SIX",
            "start": 1.8582766439909295,
            "end": 2.1975056689342396,
            "phonemes": [
                [
                    "S",
                    1.8582766439909295,
                    2.017913832199546
                ],
                [
                    "IH1",
                    2.017913832199546,
                    2.0478458049886616
                ],
                [
                    "K",
                    2.0478458049886616,
                    2.087755102040816
                ],
                [
                    "S",
                    2.087755102040816,
                    2.1975056689342396
                ]
            ]
        },
        {
            "alignedWord": "YEARLY",
            "start": 2.1975056689342396,
            "end": 2.486848072562357,
            "phonemes": [
                [
                    "Y",
                    2.1975056689342396,
                    2.2473922902494325
                ],
                [
                    "IH1",
                    2.2473922902494325,
                    2.297278911564625
                ],
                [
                    "R",
                    2.297278911564625,
                    2.3571428571428563
                ],
                [
                    "L",
                    2.3571428571428563,
                    2.426984126984126
                ],
                [
                    "IY0",
                    2.426984126984126,
                    2.486848072562357
                ]
            ]
        },
        {
            "alignedWord": "CYCLE",
            "start": 2.486848072562357,
            "end": 2.9140589569161,
            "phonemes": [
                [
                    "S",
                    2.486848072562357,
                    2.576643990929704
                ],
                [
                    "AY1",
                    2.576643990929704,
                    2.706349206349205
                ],
                [
                    "K",
                    2.706349206349205,
                    2.80612244897959
                ],
                [
                    "AH0",
                    2.80612244897959,
                    2.836054421768706
                ],
                [
                    "L",
                    2.836054421768706,
                    2.9140589569161
                ]
            ]
        }
    ]
}