{
    "words": [
        {
            "alignedWord": "THE",
            "start": 0.0,
            "end": 0.07233560090702948,
            "phonemes": [
                [
                    "DH",
                    0.0,
                    0.04240362811791383
                ],
                [
                    "AH0",
                    0.04240362811791383,
                    0.07233560090702948
                ]
            ]
        },
        {
            "alignedWord": "FOOTBALL",
            "start": 0.07233560090702948,
            "end": 0.4514739229024944,
            "phonemes": [
                [
                    "F",
                    0.07233560090702948,
                    0.13219954648526078
                ],
                [
                    "UH1",
                    0.13219954648526078,
                    0.2219954648526077
                ],
                [
                    "T",
                    0.2219954648526077,
                    0.2619047619047619
                ],
                [
                    "B",
                    0.2619047619047619,
                    0.2918367346938776
                ],
                [
                    "AO2",
                    0.2918367346938776,
                    0.3616780045351474
                ],
                [
                    "L",
                    0.3616780045351474,
                    0.4514739229024944
                ]
            ]
        },
        {
            "alignedWord": "JOCKS",
            "start": 0.45147392290249444,
            "end": 0.8106575963718822,
            "phonemes": [
                [
                    "JH",
                    0.45147392290249444,
                    0.5312925170068028
                ],
                [
                    "AA1",
                    0.5312925170068028,
                    0.6809523809523811
                ],
                [
                    "K",
                    0.6809523809523811,
                    0.7208616780045352
                ],
                [
                    "S",
                    0.7208616780045352,
                    0.8106575963718822
                ]
            ]
        },
        {
            "alignedWord": "LAUGHED",
            "start": 0.8106575963718822,
            "end": 1.1199546485260774,
            "phonemes": [
                [
                    "L",
                    0.8106575963718822,
                    0.9004535147392291
                ],
                [
                    "AE1",
                    0.9004535147392291,
                    0.9503401360544218
                ],
                [
                    "F",
                    0.9503401360544218,
                    1.0102040816326532
                ],
                [
                    "T",
                    1.0102040816326532,
                    1.1199546485260774
                ]
            ]
        },
        {
            "alignedWord": "VICIOUSLY",
            "start": 1.1199546485260774,
            "end": 1.8383219954648526,
            "phonemes": [
                [
                    "V",
                    1.1199546485260774,
                    1.1798185941043084
                ],
                [
                    "IH1",
                    1.1798185941043084,
                    1.2496598639455783
                ],
                [
                    "SH",
                    1.2496598639455783,
                    1.3594104308390025
                ],
                [
                    "AH0",
                    1.3594104308390025,
                    1.3993197278911564
                ],
                [
                    "S",
                    1.3993197278911564,
                    1.5290249433106577
                ],
                [
                    "L",
                    1.5290249433106577,
                    1.588888888888889
                ],
                [
                    "IY0",
                    1.588888888888889,
                    1.8383219954648526
                ]
            ]
        },
        {
            "alignedWord": "sp",
            "start": 1.8383219954648526,
            "end": 1.9646712018140589,
            "phonemes": [
                [
                    "sp",
                    1.8383219954648526,
                    1.9646712018140589
                ]
            ]
        }
    ]
}