{
    "words": [
        {
            "alignedWord": "BOTH",
            "start": 0.0,
            "end": 0.2619047619047619,
            "phonemes": [
                [
                    "B",
                    0.0,
                    0.04240362811791383
                ],
                [
                    "OW1",
                    0.04240362811791383,
                    0.14217687074829932
                ],
                [
                    "TH",
                    0.14217687074829932,
                    0.2619047619047619
                ]
            ]
        },
        {
            "alignedWord": "CHAMPIONS",
            "start": 0.2619047619047619,
            "end": 0.8505668934240362,
            "phonemes": [
                [
                    "CH",
                    0.2619047619047619,
                    0.39160997732426306
                ],
                [
                    "AE1",
                    0.39160997732426306,
                    0.5113378684807256
                ],
                [
                    "M",
                    0.5113378684807256,
                    0.5412698412698412
                ],
                [
                    "P",
                    0.5412698412698412,
                    0.591156462585034
                ],
                [
                    "IY0",
                    0.591156462585034,
                    0.680952380952381
                ],
                [
                    "AH0",
                    0.680952380952381,
                    0.7108843537414965
                ],
                [
                    "N",
                    0.7108843537414965,
                    0.7707482993197279
                ],
                [
                    "Z",
                    0.7707482993197279,
                    0.8505668934240362
                ]
            ]
        },
        {
            "alignedWord": "RETAINED",
            "start": 0.8505668934240362,
            "end": 1.3095238095238095,
            "phonemes": [
                [
                    "R",
                    0.8505668934240362,
                    0.9303854875283447
                ],
                [
                    "IH0",
                    0.9303854875283447,
                    0.9702947845804988
                ],
                [
                    "T",
                    0.9702947845804988,
                    1.080045351473923
                ],
                [
                    "EY1",
                    1.080045351473923,
                    1.1997732426303855
                ],
                [
                    "N",
                    1.1997732426303855,
                    1.279591836734694
                ],
                [
                    "D",
                    1.279591836734694,
                    1.3095238095238095
                ]
            ]
        },
        {
            "alignedWord": "THEIR",
            "start": 1.3095238095238095,
            "end": 1.4691609977324263,
            "phonemes": [
                [
                    "DH",
                    1.3095238095238095,
                    1.3394557823129252
                ],
                [
                    "EH1",
                    1.3394557823129252,
                    1.4392290249433106
                ],
                [
                    "R",
                    1.4392290249433106,
                    1.4691609977324263
                ]
            ]
        },
        {
            "alignedWord": "TITLES",
            "start": 1.4691609977324263,
            "end": 1.9780045351473923,
            "phonemes": [
                [
                    "T",
                    1.4691609977324263,
                    1.5789115646258505
                ],
                [
                    "AY1",
                    1.5789115646258505,
                    1.7086167800453516
                ],
                [
                    "T",
                    1.7086167800453516,
                    1.7585034013605443
                ],
                [
                    "AH0",
                    1.7585034013605443,
                    1.78843537414966
                ],
                [
                    "L",
                    1.78843537414966,
                    1.9081632653061225
                ],
                [
                    "Z",
                    1.9081632653061225,
                    1.9780045351473923
                ]
            ]
        },
        {
            "alignedWord": "WITH",
            "start": 1.9780045351473923,
            "end": 2.3172335600907026,
            "phonemes": [
                [
                    "W",
                    1.9780045351473923,
                    2.067800453514739
                ],
                [
                    "IH1",
                    2.067800453514739,
                    2.1376417233560088
                ],
                [
                    "DH",
                    2.1376417233560088,
                    2.3172335600907026
                ]
            ]
        },
        {
            "alignedWord": "SIXTH",
            "start": 2.3172335600907026,
            "end": 2.7861678004535135,
            "phonemes": [
                [
                    "S",
                    2.3172335600907026,
                    2.4668934240362805
                ],
                [
                    "IH1",
                    2.4668934240362805,
                    2.556689342403627
                ],
                [
                    "K",
                    2.556689342403627,
                    2.6863945578231285
                ],
                [
                    "S",
                    2.6863945578231285,
                    2.716326530612244
                ],
                [
                    "TH",
                    2.716326530612244,
                    2.7861678004535135
                ]
            ]
        },
        {
            "alignedWord": "ROUND",
            "start": 2.7861678004535135,
            "end": 3.295011337868479,
            "phonemes": [
                [
                    "R",
                    2.7861678004535135,
                    2.935827664399092
                ],
                [
                    "AW1",
                    2.935827664399092,
                    3.1154195011337853
                ],
                [
                    "N",
                    3.1154195011337853,
                    3.1752834467120166
                ],
                [
                    "D",
                    3.1752834467120166,
                    3.295011337868479
                ]
            ]
        },
        {
            "alignedWord": "KNOCKOUT",
            "start": 3.295011337868479,
            "end": 3.8038548752834442,
            "phonemes": [
                [
                    "N",
                    3.295011337868479,
                    3.42471655328798
                ],
                [
                    "AA1",
                    3.42471655328798,
                    3.554421768707481
                ],
                [
                    "K",
                    3.554421768707481,
                    3.664172335600905
                ],
                [
                    "AW2",
                    3.664172335600905,
                    3.773922902494329
                ],
                [
                    "T",
                    3.773922902494329,
                    3.8038548752834442
                ]
            ]
        },
        {
            "alignedWord": "WINS",
            "start": 3.8038548752834442,
            "end": 4.272789115646256,