{
    "words": [
        {
            "alignedWord": "sp",
            "start": 0.0,
            "end": 0.8206349206349206,
            "phonemes": [
                [
                    "sp",
                    0.0,
                    0.8206349206349206
                ]
            ]
        },
        {
            "alignedWord": "THE",
            "start": 0.8206349206349206,
            "end": 0.8904761904761903,
            "phonemes": [
                [
                    "DH",
                    0.8206349206349206,
                    0.8505668934240361
                ],
                [
                    "AH0",
                    0.8505668934240361,
                    0.8904761904761903
                ]
            ]
        },
        {
            "alignedWord": "BLAZERS",
            "start": 0.8904761904761903,
            "end": 1.499092970521542,
            "phonemes": [
                [
                    "B",
                    0.8904761904761903,
                    0.9403628117913831
                ],
                [
                    "L",
                    0.9403628117913831,
                    1.0600907029478457
                ],
                [
                    "EY1",
                    1.0600907029478457,
                    1.1598639455782311
                ],
                [
                    "Z",
                    1.1598639455782311,
                    1.249659863945578
                ],
                [
                    "ER0",
                    1.249659863945578,
                    1.3594104308390023
                ],
                [
                    "Z",
                    1.3594104308390023,
                    1.499092970521542
                ]
            ]
        },
        {
            "alignedWord": "PLAYED",
            "start": 1.499092970521542,
            "end": 1.8383219954648524,
            "phonemes": [
                [
                    "P",
                    1.499092970521542,
                    1.5789115646258503
                ],
                [
                    "L",
                    1.5789115646258503,
                    1.668707482993197
                ],
                [
                    "EY1",
                    1.668707482993197,
                    1.7984126984126982
                ],
                [
                    "D",
                    1.7984126984126982,
                    1.8383219954648524
                ]
            ]
        },
        {
            "alignedWord": "AT",
            "start": 1.8383219954648524,
            "end": 2.047845804988662,
            "phonemes": [
                [
                    "AE1",
                    1.8383219954648524,
                    2.007936507936508
                ],
                [
                    "T",
                    2.007936507936508,
                    2.047845804988662
                ]
            ]
        },
        {
            "alignedWord": "THE",
            "start": 2.047845804988662,
            "end": 2.1077097505668934,
            "phonemes": [
                [
                    "DH",
                    2.047845804988662,
                    2.0777777777777775
                ],
                [
                    "AH0",
                    2.0777777777777775,
                    2.1077097505668934
                ]
            ]
        },
        {
            "alignedWord": "FORD",
            "start": 2.1077097505668934,
            "end": 2.436961451247165,
            "phonemes": [
                [
                    "F",
                    2.1077097505668934,
                    2.227437641723356
                ],
                [
                    "AO1",
                    2.227437641723356,
                    2.347165532879818
                ],
                [
                    "R",
                    2.347165532879818,
                    2.377097505668934
                ],
                [
                    "D",
                    2.377097505668934,
                    2.436961451247165
                ]
            ]
        },
        {
            "alignedWord": "CENTER",
            "start": 2.436961451247165,
            "end": 3.005668934240362,
            "phonemes": [
                [
                    "S",
                    2.436961451247165,
                    2.556689342403627
                ],
                [
                    "EH1",
                    2.556689342403627,
                    2.6265306122448973
                ],
                [
                    "N",
                    2.6265306122448973,
                    2.6664399092970514
                ],
                [
                    "T",
                    2.6664399092970514,
                    2.736281179138321
                ],
                [
                    "ER0",
                    2.736281179138321,
                    3.005668934240362
                ]
            ]
        },
        {
            "alignedWord": "sp",
            "start": 3.005668934240362,
            "end": 3.1054421768707474,
            "phonemes": [
                [
                    "sp",
                    3.005668934240362,
                    3.1054421768707474
                ]
            ]
        },
        {
            "alignedWord": "LOCATED",
            "start": 3.1054421768707474,
            "end": 3.534467120181404,
            "phonemes": [
                [
                    "L",
                    3.1054421768707474,
                    3.205215419501133
                ],
                [
                    "OW1",
                    3.205215419501133,
                    3.285034013605441
                ],
                [
                    "K",
                    3.285034013605441,
                    3.374829931972788
                ],
                [
                    "EY2",
                    3.374829931972788,
                    3.4247165532879804
                ],
                [
                    "T",
                    3.4247165532879804,
                    3.4746031746031734
                ],
                [
                    "AH0",
                    3.4746031746031734,
                    3.5045351473922888
                ],
                [
                    "D",
                    3.5045351473922888,
                    3.534467120181404
                ]
            ]
        },
        {
            "alignedWord": "IN",
            "start": 3.534467120181404,
            "end": 3.7040816326530597,
            "phonemes": [
                [
                    "IH0",
                    3.534467120181404,
                    3.584353741496597
                ],
                [
                    "N",
                    3.584353741496597,
                    3.7040816326530597
                ]
            ]
        },
        {
            "alignedWord": "DOWNTOWN",
            "start": 3.7040816326530597,
            "end": 4.232879818594103,