{
    "words": [
        {
            "alignedWord": "THE",
            "start": 0.0,
            "end": 0.07233560090702948,
            "phonemes": [
                [
                    "DH",
                    0.0,
                    0.04240362811791383
                ],
                [
                    "AH0",
                    0.04240362811791383,
                    0.07233560090702948
                ]
            ]
        },
        {
            "alignedWord": "MOON",
            "start": 0.07233560090702948,
            "end": 0.33174603174603173,
            "phonemes": [
                [
                    "M",
                    0.07233560090702948,
                    0.17210884353741496
                ],
                [
                    "UW1",
                    0.17210884353741496,
                    0.26190476190476186
                ],
                [
                    "N",
                    0.26190476190476186,
                    0.33174603174603173
                ]
            ]
        },
        {
            "alignedWord": "IS",
            "start": 0.3317460317460318,
            "end": 0.5013605442176872,
            "phonemes": [
                [
                    "IH1",
                    0.3317460317460318,
                    0.37165532879818597
                ],
                [
                    "Z",
                    0.37165532879818597,
                    0.5013605442176872
                ]
            ]
        },
        {
            "alignedWord": "RESPONSIBLE",
            "start": 0.5013605442176872,
            "end": 1.0900226757369615,
            "phonemes": [
                [
                    "R",
                    0.5013605442176872,
                    0.5312925170068028
                ],
                [
                    "IY0",
                    0.5312925170068028,
                    0.5612244897959184
                ],
                [
                    "S",
                    0.5612244897959184,
                    0.6609977324263039
                ],
                [
                    "P",
                    0.6609977324263039,
                    0.7208616780045352
                ],
                [
                    "AA1",
                    0.7208616780045352,
                    0.8006802721088436
                ],
                [
                    "N",
                    0.8006802721088436,
                    0.8505668934240364
                ],
                [
                    "S",
                    0.8505668934240364,
                    0.9503401360544218
                ],
                [
                    "AH0",
                    0.9503401360544218,
                    0.9802721088435374
                ],
                [
                    "B",
                    0.9802721088435374,
                    1.0102040816326532
                ],
                [
                    "AH0",
                    1.0102040816326532,
                    1.0401360544217688
                ],
                [
                    "L",
                    1.0401360544217688,
                    1.0900226757369615
                ]
            ]
        },
        {
            "alignedWord": "FOR",
            "start": 1.0900226757369615,
            "end": 1.2696145124716554,
            "phonemes": [
                [
                    "F",
                    1.0900226757369615,
                    1.209750566893424
                ],
                [
                    "AO1",
                    1.209750566893424,
                    1.2396825396825397
                ],
                [
                    "R",
                    1.2396825396825397,
                    1.2696145124716554
                ]
            ]
        },
        {
            "alignedWord": "TIDES",
            "start": 1.2696145124716554,
            "end": 1.7086167800453513,
            "phonemes": [
                [
                    "T",
                    1.2696145124716554,
                    1.4192743764172335
                ],
                [
                    "AY1",
                    1.4192743764172335,
                    1.588888888888889
                ],
                [
                    "D",
                    1.588888888888889,
                    1.6287981859410432
                ],
                [
                    "Z",
                    1.6287981859410432,
                    1.7086167800453513
                ]
            ]
        },
        {
            "alignedWord": "ON",
            "start": 1.7086167800453513,
            "end": 1.7984126984126982,
            "phonemes": [
                [
                    "AA1",
                    1.7086167800453513,
                    1.7684807256235826
                ],
                [
                    "N",
                    1.7684807256235826,
                    1.7984126984126982
                ]
            ]
        },
        {
            "alignedWord": "EARTH",
            "start": 1.7984126984126982,
            "end": 2.027891156462585,
            "phonemes": [
                [
                    "ER1",
                    1.7984126984126982,
                    1.9480725623582764
                ],
                [
                    "TH",
                    1.9480725623582764,
                    2.027891156462585
                ]
            ]
        },
        {
            "alignedWord": "sp",
            "start": 2.027891156462585,
            "end": 2.0888435374149665,
            "phonemes": [
                [
                    "sp",
                    2.027891156462585,
                    2.0888435374149665
                ]
            ]
        }
    ]
}