{
    "words": [
        {
            "alignedWord": "THE",
            "start": 0.0,
            "end": 0.12222222222222223,
            "phonemes": [
                [
                    "DH",
                    0.0,
                    0.07233560090702948
                ],
                [
                    "AH0",
                    0.07233560090702948,
                    0.12222222222222223
                ]
            ]
        },
        {
            "alignedWord": "FORMER",
            "start": 0.12222222222222223,
            "end": 0.5412698412698413,
            "phonemes": [
                [
                    "F",
                    0.12222222222222223,
                    0.2519274376417234
                ],
                [
                    "AO1",
                    0.2519274376417234,
                    0.4115646258503402
                ],
                [
                    "R",
                    0.4115646258503402,
                    0.44149659863945584
                ],
                [
                    "M",
                    0.44149659863945584,
                    0.5013605442176872
                ],
                [
                    "ER0",
                    0.5013605442176872,
                    0.5412698412698413
                ]
            ]
        },
        {
            "alignedWord": "MILL",
            "start": 0.5412698412698413,
            "end": 0.9303854875283448,
            "phonemes": [
                [
                    "M",
                    0.5412698412698413,
                    0.6909297052154196
                ],
                [
                    "IH1",
                    0.6909297052154196,
                    0.8405895691609978
                ],
                [
                    "L",
                    0.8405895691609978,
                    0.9303854875283448
                ]
            ]
        },
        {
            "alignedWord": "POND",
            "start": 0.9303854875283448,
            "end": 1.299546485260771,
            "phonemes": [
                [
                    "P",
                    0.9303854875283448,
                    0.9802721088435375
                ],
                [
                    "AA1",
                    0.9802721088435375,
                    1.1997732426303855
                ],
                [
                    "N",
                    1.1997732426303855,
                    1.2596371882086168
                ],
                [
                    "D",
                    1.2596371882086168,
                    1.299546485260771
                ]
            ]
        },
        {
            "alignedWord": "IS",
            "start": 1.299546485260771,
            "end": 1.4392290249433106,
            "phonemes": [
                [
                    "IH1",
                    1.299546485260771,
                    1.3294784580498866
                ],
                [
                    "Z",
                    1.3294784580498866,
                    1.4392290249433106
                ]
            ]
        },
        {
            "alignedWord": "NOW",
            "start": 1.4392290249433106,
            "end": 1.64875283446712,
            "phonemes": [
                [
                    "N",
                    1.4392290249433106,
                    1.499092970521542
                ],
                [
                    "AW1",
                    1.499092970521542,
                    1.64875283446712
                ]
            ]
        },
        {
            "alignedWord": "PART",
            "start": 1.64875283446712,
            "end": 1.9780045351473923,
            "phonemes": [
                [
                    "P",
                    1.64875283446712,
                    1.808390022675737
                ],
                [
                    "AA1",
                    1.808390022675737,
                    1.918140589569161
                ],
                [
                    "R",
                    1.918140589569161,
                    1.9480725623582766
                ],
                [
                    "T",
                    1.9480725623582766,
                    1.9780045351473923
                ]
            ]
        },
        {
            "alignedWord": "OF",
            "start": 1.9780045351473923,
            "end": 2.0578231292517004,
            "phonemes": [
                [
                    "AH1",
                    1.9780045351473923,
                    2.007936507936508
                ],
                [
                    "V",
                    2.007936507936508,
                    2.0578231292517004
                ]
            ]
        },
        {
            "alignedWord": "A",
            "start": 2.0578231292517004,
            "end": 2.1376417233560088,
            "phonemes": [
                [
                    "AH0",
                    2.0578231292517004,
                    2.1376417233560088
                ]
            ]
        },
        {
            "alignedWord": "CONCRETE",
            "start": 2.1376417233560088,
            "end": 2.7063492063492056,
            "phonemes": [
                [
                    "K",
                    2.1376417233560088,
                    2.2573696145124713
                ],
                [
                    "AH0",
                    2.2573696145124713,
                    2.2873015873015867
                ],
                [
                    "N",
                    2.2873015873015867,
                    2.4469387755102034
                ],
                [
                    "K",
                    2.4469387755102034,
                    2.4968253968253964
                ],
                [
                    "R",
                    2.4968253968253964,
                    2.546712018140589
                ],
                [
                    "IY1",
                    2.546712018140589,
                    2.6464852607709743
                ],
                [
                    "T",
                    2.6464852607709743,
                    2.7063492063492056
                ]
            ]
        },
        {
            "alignedWord": "PLANT",
            "start": 2.7063492063492056,
            "end": 3.1154195011337853,
            "phonemes": [
                [
                    "P",
                    2.7063492063492056,
                    2.7961451247165523
                ],
                [
                    "L",
                    2.7961451247165523,
                    2.8759637188208607
                ],
                [
                    "AE1",
                    2.8759637188208607,
                    3.0256235827664386
                ],
                [
                    "N",
                    3.0256235827664386,
                    3.08548752834467
                ],
                [
                    "T",
                    3.08548752834467,
                    3.1154195011337853
                ]
            ]
        },
        {
            "alignedWord": "sp",
            "start": 3.1154195011337853,
            "end": 4.268253968253968,
            "phonemes": [
                [
                    "sp",
                    3.1154195011337853,
                    4.268253968253968
                ]
            ]
        }
    ]
}