{
    "words": [
        {
            "alignedWord": "sp",
            "start": 0.0,
            "end": 0.720861678004535,
            "phonemes": [
                [
                    "sp",
                    0.0,
                    0.720861678004535
                ]
            ]
        },
        {
            "alignedWord": "THE",
            "start": 0.720861678004535,
            "end": 0.7807256235827663,
            "phonemes": [
                [
                    "DH",
                    0.720861678004535,
                    0.7507936507936507
                ],
                [
                    "AH0",
                    0.7507936507936507,
                    0.7807256235827663
                ]
            ]
        },
        {
            "alignedWord": "DISTRICT",
            "start": 0.7807256235827663,
            "end": 1.2995464852607708,
            "phonemes": [
                [
                    "D",
                    0.7807256235827663,
                    0.8804988662131518
                ],
                [
                    "IH1",
                    0.8804988662131518,
                    0.9503401360544216
                ],
                [
                    "S",
                    0.9503401360544216,
                    1.0600907029478457
                ],
                [
                    "T",
                    1.0600907029478457,
                    1.0999999999999999
                ],
                [
                    "R",
                    1.0999999999999999,
                    1.1897959183673468
                ],
                [
                    "IH0",
                    1.1897959183673468,
                    1.2197278911564624
                ],
                [
                    "K",
                    1.2197278911564624,
                    1.2696145124716551
                ],
                [
                    "T",
                    1.2696145124716551,
                    1.2995464852607708
                ]
            ]
        },
        {
            "alignedWord": "IS",
            "start": 1.2995464852607708,
            "end": 1.4591836734693875,
            "phonemes": [
                [
                    "IH1",
                    1.2995464852607708,
                    1.339455782312925
                ],
                [
                    "Z",
                    1.339455782312925,
                    1.4591836734693875
                ]
            ]
        },
        {
            "alignedWord": "NOW",
            "start": 1.4591836734693875,
            "end": 1.7086167800453511,
            "phonemes": [
                [
                    "N",
                    1.4591836734693875,
                    1.5090702947845802
                ],
                [
                    "AW1",
                    1.5090702947845802,
                    1.7086167800453511
                ]
            ]
        },
        {
            "alignedWord": "SPLIT",
            "start": 1.7086167800453511,
            "end": 2.027891156462585,
            "phonemes": [
                [
                    "S",
                    1.7086167800453511,
                    1.8283446712018139
                ],
                [
                    "P",
                    1.8283446712018139,
                    1.8582766439909295
                ],
                [
                    "L",
                    1.8582766439909295,
                    1.958049886621315
                ],
                [
                    "IH1",
                    1.958049886621315,
                    1.9879818594104306
                ],
                [
                    "T",
                    1.9879818594104306,
                    2.027891156462585
                ]
            ]
        },
        {
            "alignedWord": "BETWEEN",
            "start": 2.027891156462585,
            "end": 2.586621315192743,
            "phonemes": [
                [
                    "B",
                    2.027891156462585,
                    2.0977324263038546
                ],
                [
                    "IH0",
                    2.0977324263038546,
                    2.1675736961451246
                ],
                [
                    "T",
                    2.1675736961451246,
                    2.247392290249433
                ],
                [
                    "W",
                    2.247392290249433,
                    2.367120181405895
                ],
                [
                    "IY1",
                    2.367120181405895,
                    2.546712018140589
                ],
                [
                    "N",
                    2.546712018140589,
                    2.586621315192743
                ]
            ]
        },
        {
            "alignedWord": "THE",
            "start": 2.586621315192743,
            "end": 2.6664399092970514,
            "phonemes": [
                [
                    "DH",
                    2.586621315192743,
                    2.6365079365079356
                ],
                [
                    "AH0",
                    2.6365079365079356,
                    2.6664399092970514
                ]
            ]
        },
        {
            "alignedWord": "EAST",
            "start": 2.6664399092970514,
            "end": 2.846031746031745,
            "phonemes": [
                [
                    "IY1",
                    2.6664399092970514,
                    2.7662131519274364
                ],
                [
                    "S",
                    2.7662131519274364,
                    2.8160997732426294
                ],
                [
                    "T",
                    2.8160997732426294,
                    2.846031746031745
                ]
            ]
        },
        {
            "alignedWord": "RIDING",
            "start": 2.846031746031745,
            "end": 3.295011337868479,
            "phonemes": [
                [
                    "R",
                    2.846031746031745,
                    2.955782312925169
                ],
                [
                    "AY1",
                    2.955782312925169,
                    3.0455782312925157
                ],
                [
                    "D",
                    3.0455782312925157,
                    3.08548752834467
                ],
                [
                    "IH0",
                    3.08548752834467,
                    3.145351473922901
                ],
                [
                    "NG",
                    3.145351473922901,
                    3.295011337868479
                ]
            ]
        },
        {
            "alignedWord": "OF",
            "start": 3.295011337868479,
            "end": 3.5344671201814037,
            "phonemes": [
                [
                    "AH1",
                    3.295011337868479,
                    3.454648526077096
                ],
                [
                    "V",
                    3.454648526077096,
                    3.5344671201814037
                ]
            ]
        },
        {
            "alignedWord": "YORKSHIRE",
            "start": 3.5344671201814037,
            "end": 4.202947845804986,