{
    "words": [
        {
            "alignedWord": "SEVEN",
            "start": 0.0,
            "end": 0.6111111111111112,
            "phonemes": [
                [
                    "S",
                    0.0,
                    0.1521541950113379
                ],
                [
                    "EH1",
                    0.1521541950113379,
                    0.24195011337868483
                ],
                [
                    "V",
                    0.24195011337868483,
                    0.3517006802721089
                ],
                [
                    "AH0",
                    0.3517006802721089,
                    0.3816326530612245
                ],
                [
                    "N",
                    0.3816326530612245,
                    0.6111111111111112
                ]
            ]
        },
        {
            "alignedWord": "sp",
            "start": 0.6111111111111112,
            "end": 0.6543310657596372,
            "phonemes": [
                [
                    "sp",
                    0.6111111111111112,
                    0.6543310657596372
                ]
            ]
        }
    ]
}