{
    "words": [
        {
            "alignedWord": "NUMBERS",
            "start": 0.0,
            "end": 0.3517006802721089,
            "phonemes": [
                [
                    "N",
                    0.0,
                    0.09229024943310657
                ],
                [
                    "AH1",
                    0.09229024943310657,
                    0.14217687074829932
                ],
                [
                    "M",
                    0.14217687074829932,
                    0.20204081632653062
                ],
                [
                    "B",
                    0.20204081632653062,
                    0.24195011337868483
                ],
                [
                    "ER0",
                    0.24195011337868483,
                    0.27188208616780046
                ],
                [
                    "Z",
                    0.27188208616780046,
                    0.3517006802721089
                ]
            ]
        },
        {
            "alignedWord": "WITHOUT",
            "start": 0.3517006802721089,
            "end": 0.611111111111111,
            "phonemes": [
                [
                    "W",
                    0.3517006802721089,
                    0.3816326530612245
                ],
                [
                    "IH0",
                    0.3816326530612245,
                    0.4115646258503402
                ],
                [
                    "TH",
                    0.4115646258503402,
                    0.4714285714285715
                ],
                [
                    "AW1",
                    0.4714285714285715,
                    0.5811791383219954
                ],
                [
                    "T",
                    0.5811791383219954,
                    0.611111111111111
                ]
            ]
        },
        {
            "alignedWord": "BLUE",
            "start": 0.611111111111111,
            "end": 0.8605442176870748,
            "phonemes": [
                [
                    "B",
                    0.611111111111111,
                    0.6909297052154195
                ],
                [
                    "L",
                    0.6909297052154195,
                    0.7607709750566893
                ],
                [
                    "UW1",
                    0.7607709750566893,
                    0.8605442176870748
                ]
            ]
        },
        {
            "alignedWord": "ENTRIES",
            "start": 0.8605442176870748,
            "end": 1.3594104308390023,
            "phonemes": [
                [
                    "EH1",
                    0.8605442176870748,
                    0.9503401360544217
                ],
                [
                    "N",
                    0.9503401360544217,
                    1.0201814058956915
                ],
                [
                    "T",
                    1.0201814058956915,
                    1.1199546485260772
                ],
                [
                    "R",
                    1.1199546485260772,
                    1.1997732426303853
                ],
                [
                    "IY0",
                    1.1997732426303853,
                    1.249659863945578
                ],
                [
                    "Z",
                    1.249659863945578,
                    1.3594104308390023
                ]
            ]
        },
        {
            "alignedWord": "HAVE",
            "start": 1.3594104308390023,
            "end": 1.5090702947845802,
            "phonemes": [
                [
                    "HH",
                    1.3594104308390023,
                    1.4092970521541948
                ],
                [
                    "AE1",
                    1.4092970521541948,
                    1.4591836734693875
                ],
                [
                    "V",
                    1.4591836734693875,
                    1.5090702947845802
                ]
            ]
        },
        {
            "alignedWord": "NO",
            "start": 1.5090702947845802,
            "end": 1.638775510204081,
            "phonemes": [
                [
                    "N",
                    1.5090702947845802,
                    1.5689342403628115
                ],
                [
                    "OW1",
                    1.5689342403628115,
                    1.638775510204081
                ]
            ]
        },
        {
            "alignedWord": "SOLUTION",
            "start": 1.638775510204081,
            "end": 2.1975056689342396,
            "phonemes": [
                [
                    "S",
                    1.638775510204081,
                    1.798412698412698
                ],
                [
                    "AH0",
                    1.798412698412698,
                    1.8283446712018137
                ],
                [
                    "L",
                    1.8283446712018137,
                    1.9181405895691603
                ],
                [
                    "UW1",
                    1.9181405895691603,
                    1.9979591836734687
                ],
                [
                    "SH",
                    1.9979591836734687,
                    2.1176870748299312
                ],
                [
                    "AH0",
                    2.1176870748299312,
                    2.147619047619047
                ],
                [
                    "N",
                    2.147619047619047,
                    2.1975056689342396
                ]
            ]
        },
        {
            "alignedWord": "UNDER",
            "start": 2.1975056689342396,
            "end": 2.4170068027210876,
            "phonemes": [
                [
                    "AH1",
                    2.1975056689342396,
                    2.2873015873015863
                ],
                [
                    "N",
                    2.2873015873015863,
                    2.317233560090702
                ],
                [
                    "D",
                    2.317233560090702,
                    2.3870748299319717
                ],
                [
                    "ER0",
                    2.3870748299319717,
                    2.4170068027210876
                ]
            ]
        },
        {
            "alignedWord": "THESE",
            "start": 2.4170068027210876,
            "end": 2.666439909297051,
            "phonemes": [
                [
                    "DH",
                    2.4170068027210876,
                    2.476870748299319
                ],
                [
                    "IY1",
                    2.476870748299319,
                    2.5666666666666655
                ],
                [
                    "Z",
                    2.5666666666666655,
                    2.666439909297051
                ]
            ]
        },
        {
            "alignedWord": "CONSTRAINTS",
            "start": 2.666439909297051,
            "end": 3.42471655328798,