{
    "words": [
        {
            "alignedWord": "sp",
            "start": 0.0,
            "end": 0.05238095238095238,
            "phonemes": [
                [
                    "sp",
                    0.0,
                    0.05238095238095238
                ]
            ]
        },
        {
            "alignedWord": "THEYRE",
            "start": 0.05238095238095238,
            "end": 0.24195011337868483,
            "phonemes": [
                [
                    "TH",
                    0.05238095238095238,
                    0.10226757369614513
                ],
                [
                    "EH1",
                    0.10226757369614513,
                    0.13219954648526078
                ],
                [
                    "R",
                    0.13219954648526078,
                    0.24195011337868483
                ]
            ]
        },
        {
            "alignedWord": "ALWAYS",
            "start": 0.24195011337868483,
            "end": 0.5612244897959184,
            "phonemes": [
                [
                    "AO1",
                    0.24195011337868483,
                    0.3217687074829932
                ],
                [
                    "L",
                    0.3217687074829932,
                    0.3716553287981859
                ],
                [
                    "W",
                    0.3716553287981859,
                    0.4315192743764172
                ],
                [
                    "EY2",
                    0.4315192743764172,
                    0.4614512471655329
                ],
                [
                    "Z",
                    0.4614512471655329,
                    0.5612244897959184
                ]
            ]
        },
        {
            "alignedWord": "AFTER",
            "start": 0.5612244897959184,
            "end": 0.9004535147392291,
            "phonemes": [
                [
                    "AE1",
                    0.5612244897959184,
                    0.7408163265306122
                ],
                [
                    "F",
                    0.7408163265306122,
                    0.7707482993197279
                ],
                [
                    "T",
                    0.7707482993197279,
                    0.8405895691609977
                ],
                [
                    "ER0",
                    0.8405895691609977,
                    0.9004535147392291
                ]
            ]
        },
        {
            "alignedWord": "ME",
            "start": 0.9004535147392291,
            "end": 1.080045351473923,
            "phonemes": [
                [
                    "M",
                    0.9004535147392291,
                    0.9603174603174603
                ],
                [
                    "IY1",
                    0.9603174603174603,
                    1.080045351473923
                ]
            ]
        },
        {
            "alignedWord": "FOR",
            "start": 1.080045351473923,
            "end": 1.3095238095238095,
            "phonemes": [
                [
                    "F",
                    1.080045351473923,
                    1.1997732426303855
                ],
                [
                    "AO1",
                    1.1997732426303855,
                    1.2496598639455783
                ],
                [
                    "R",
                    1.2496598639455783,
                    1.3095238095238095
                ]
            ]
        },
        {
            "alignedWord": "INTERVIEWS",
            "start": 1.3095238095238095,
            "end": 2.0187755102040814,
            "phonemes": [
                [
                    "IH1",
                    1.3095238095238095,
                    1.3693877551020408
                ],
                [
                    "N",
                    1.3693877551020408,
                    1.3993197278911562
                ],
                [
                    "T",
                    1.3993197278911562,
                    1.4292517006802719
                ],
                [
                    "ER0",
                    1.4292517006802719,
                    1.5090702947845802
                ],
                [
                    "V",
                    1.5090702947845802,
                    1.558956916099773
                ],
                [
                    "Y",
                    1.558956916099773,
                    1.688662131519274
                ],
                [
                    "UW2",
                    1.688662131519274,
                    1.848299319727891
                ],
                [
                    "Z",
                    1.848299319727891,
                    2.0187755102040814
                ]
            ]
        }
    ]
}