{
    "words": [
        {
            "alignedWord": "I",
            "start": 0.0,
            "end": 0.10226757369614513,
            "phonemes": [
                [
                    "AY1",
                    0.0,
                    0.10226757369614513
                ]
            ]
        },
        {
            "alignedWord": "WAS",
            "start": 0.10226757369614513,
            "end": 0.48140589569160996,
            "phonemes": [
                [
                    "W",
                    0.10226757369614513,
                    0.3018140589569161
                ],
                [
                    "AA1",
                    0.3018140589569161,
                    0.4015873015873016
                ],
                [
                    "Z",
                    0.4015873015873016,
                    0.48140589569160996
                ]
            ]
        },
        {
            "alignedWord": "IMPATIENT",
            "start": 0.48140589569160996,
            "end": 1.1598639455782311,
            "phonemes": [
                [
                    "IH0",
                    0.48140589569160996,
                    0.5113378684807256
                ],
                [
                    "M",
                    0.5113378684807256,
                    0.591156462585034
                ],
                [
                    "P",
                    0.591156462585034,
                    0.6310657596371881
                ],
                [
                    "EY1",
                    0.6310657596371881,
                    0.790702947845805
                ],
                [
                    "SH",
                    0.790702947845805,
                    0.9403628117913833
                ],
                [
                    "AH0",
                    0.9403628117913833,
                    0.9802721088435373
                ],
                [
                    "N",
                    0.9802721088435373,
                    1.1299319727891157
                ],
                [
                    "T",
                    1.1299319727891157,
                    1.1598639455782311
                ]
            ]
        },
        {
            "alignedWord": "sp",
            "start": 1.1598639455782311,
            "end": 1.279591836734694,
            "phonemes": [
                [
                    "sp",
                    1.1598639455782311,
                    1.279591836734694
                ]
            ]
        },
        {
            "alignedWord": "TO",
            "start": 1.279591836734694,
            "end": 1.4791383219954648,
            "phonemes": [
                [
                    "T",
                    1.279591836734694,
                    1.3294784580498866
                ],
                [
                    "UW1",
                    1.3294784580498866,
                    1.4791383219954648
                ]
            ]
        },
        {
            "alignedWord": "SEE",
            "start": 1.4791383219954648,
            "end": 1.7585034013605443,
            "phonemes": [
                [
                    "S",
                    1.4791383219954648,
                    1.568934240362812
                ],
                [
                    "IY1",
                    1.568934240362812,
                    1.7585034013605443
                ]
            ]
        },
        {
            "alignedWord": "IT",
            "start": 1.7585034013605443,
            "end": 1.8882086167800454,
            "phonemes": [
                [
                    "IH1",
                    1.7585034013605443,
                    1.78843537414966
                ],
                [
                    "T",
                    1.78843537414966,
                    1.8882086167800454
                ]
            ]
        },
        {
            "alignedWord": "OPENED",
            "start": 1.8882086167800454,
            "end": 2.3770975056689343,
            "phonemes": [
                [
                    "OW1",
                    1.8882086167800454,
                    2.097732426303855
                ],
                [
                    "P",
                    2.097732426303855,
                    2.137641723356009
                ],
                [
                    "AH0",
                    2.137641723356009,
                    2.187528344671202
                ],
                [
                    "N",
                    2.187528344671202,
                    2.3471655328798184
                ],
                [
                    "D",
                    2.3471655328798184,
                    2.3770975056689343
                ]
            ]
        },
        {
            "alignedWord": "sp",
            "start": 2.3770975056689343,
            "end": 5.242222222222222,
            "phonemes": [
                [
                    "sp",
                    2.3770975056689343,
                    5.242222222222222
                ]
            ]
        }
    ]
}