{
    "words": [
        {
            "alignedWord": "THE",
            "start": 0.0,
            "end": 0.20204081632653065,
            "phonemes": [
                [
                    "DH",
                    0.0,
                    0.13219954648526078
                ],
                [
                    "AH0",
                    0.13219954648526078,
                    0.20204081632653065
                ]
            ]
        },
        {
            "alignedWord": "OLD",
            "start": 0.20204081632653065,
            "end": 0.4315192743764173,
            "phonemes": [
                [
                    "OW1",
                    0.20204081632653065,
                    0.32176870748299324
                ],
                [
                    "L",
                    0.32176870748299324,
                    0.40158730158730166
                ],
                [
                    "D",
                    0.40158730158730166,
                    0.4315192743764173
                ]
            ]
        },
        {
            "alignedWord": "WAREHOUSE",
            "start": 0.4315192743764173,
            "end": 0.8904761904761905,
            "phonemes": [
                [
                    "W",
                    0.4315192743764173,
                    0.461451247165533
                ],
                [
                    "EH1",
                    0.461451247165533,
                    0.5013605442176872
                ],
                [
                    "R",
                    0.5013605442176872,
                    0.5911564625850341
                ],
                [
                    "HH",
                    0.5911564625850341,
                    0.6310657596371883
                ],
                [
                    "AW2",
                    0.6310657596371883,
                    0.7507936507936508
                ],
                [
                    "S",
                    0.7507936507936508,
                    0.8904761904761905
                ]
            ]
        },
        {
            "alignedWord": "IS",
            "start": 0.8904761904761905,
            "end": 1.0301587301587303,
            "phonemes": [
                [
                    "IH1",
                    0.8904761904761905,
                    0.9204081632653062
                ],
                [
                    "Z",
                    0.9204081632653062,
                    1.0301587301587303
                ]
            ]
        },
        {
            "alignedWord": "NO",
            "start": 1.0301587301587303,
            "end": 1.1598639455782314,
            "phonemes": [
                [
                    "N",
                    1.0301587301587303,
                    1.0700680272108845
                ],
                [
                    "OW1",
                    1.0700680272108845,
                    1.1598639455782314
                ]
            ]
        },
        {
            "alignedWord": "LONGER",
            "start": 1.1598639455782314,
            "end": 1.4292517006802719,
            "phonemes": [
                [
                    "L",
                    1.1598639455782314,
                    1.2297052154195012
                ],
                [
                    "AO1",
                    1.2297052154195012,
                    1.299546485260771
                ],
                [
                    "NG",
                    1.299546485260771,
                    1.3394557823129252
                ],
                [
                    "G",
                    1.3394557823129252,
                    1.3793650793650793
                ],
                [
                    "ER0",
                    1.3793650793650793,
                    1.4292517006802719
                ]
            ]
        },
        {
            "alignedWord": "STORING",
            "start": 1.4292517006802719,
            "end": 1.8083900226757366,
            "phonemes": [
                [
                    "S",
                    1.4292517006802719,
                    1.5290249433106575
                ],
                [
                    "T",
                    1.5290249433106575,
                    1.5689342403628117
                ],
                [
                    "AO1",
                    1.5689342403628117,
                    1.6487528344671198
                ],
                [
                    "R",
                    1.6487528344671198,
                    1.688662131519274
                ],
                [
                    "IH0",
                    1.688662131519274,
                    1.7185941043083897
                ],
                [
                    "NG",
                    1.7185941043083897,
                    1.8083900226757366
                ]
            ]
        },
        {
            "alignedWord": "ANY",
            "start": 1.8083900226757366,
            "end": 1.9879818594104304,
            "phonemes": [
                [
                    "EH1",
                    1.8083900226757366,
                    1.8582766439909293
                ],
                [
                    "N",
                    1.8582766439909293,
                    1.8981859410430832
                ],
                [
                    "IY0",
                    1.8981859410430832,
                    1.9879818594104304
                ]
            ]
        },
        {
            "alignedWord": "NOXIOUS",
            "start": 1.9879818594104304,
            "end": 2.4170068027210876,
            "phonemes": [
                [
                    "N",
                    1.9879818594104304,
                    2.0578231292517
                ],
                [
                    "AA1",
                    2.0578231292517,
                    2.167573696145124
                ],
                [
                    "K",
                    2.167573696145124,
                    2.2174603174603167
                ],
                [
                    "SH",
                    2.2174603174603167,
                    2.2873015873015863
                ],
                [
                    "AH0",
                    2.2873015873015863,
                    2.317233560090702
                ],
                [
                    "S",
                    2.317233560090702,
                    2.4170068027210876
                ]
            ]
        },
        {
            "alignedWord": "CHEMICALS",
            "start": 2.4170068027210876,
            "end": 2.8859410430838985,
            "phonemes": [
                [
                    "K",
                    2.4170068027210876,
                    2.4569160997732418
                ],
                [
                    "EH1",
                    2.4569160997732418,
                    2.5068027210884343
                ],
                [
                    "M",
                    2.5068027210884343,
                    2.576643990929704
                ],
                [
                    "IH0",
                    2.576643990929704,
                    2.616553287981858
                ],
                [
                    "K",
                    2.616553287981858,
                    2.6963718820861664
                ],
                [
                    "AH0",
                    2.6963718820861664,
                    2.7462585034013594
                ],
                [
                    "L",
                    2.7462585034013594,
                    2.816099773242629
                ],
                [
                    "Z",
                    2.816099773242629,
                    2.8859410430838985
                ]
            ]
        },
        {
            "alignedWord": "sp",
            "start": 2.8859410430838985,
            "end": 2.952562358276644,