{
    "words": [
        {
            "alignedWord": "sp",
            "start": 0.0,
            "end": 0.07233560090702948,
            "phonemes": [
                [
                    "sp",
                    0.0,
                    0.07233560090702948
                ]
            ]
        },
        {
            "alignedWord": "THEYRE",
            "start": 0.07233560090702948,
            "end": 0.3117913832199546,
            "phonemes": [
                [
                    "TH",
                    0.07233560090702948,
                    0.17210884353741496
                ],
                [
                    "EH1",
                    0.17210884353741496,
                    0.2020408163265306
                ],
                [
                    "R",
                    0.2020408163265306,
                    0.3117913832199546
                ]
            ]
        },
        {
            "alignedWord": "ALWAYS",
            "start": 0.3117913832199546,
            "end": 0.6310657596371881,
            "phonemes": [
                [
                    "AO1",
                    0.3117913832199546,
                    0.391609977324263
                ],
                [
                    "L",
                    0.391609977324263,
                    0.44149659863945573
                ],
                [
                    "W",
                    0.44149659863945573,
                    0.501360544217687
                ],
                [
                    "EY2",
                    0.501360544217687,
                    0.5312925170068027
                ],
                [
                    "Z",
                    0.5312925170068027,
                    0.6310657596371881
                ]
            ]
        },
        {
            "alignedWord": "AFTER",
            "start": 0.6310657596371881,
            "end": 0.9702947845804988,
            "phonemes": [
                [
                    "AE1",
                    0.6310657596371881,
                    0.8106575963718821
                ],
                [
                    "F",
                    0.8106575963718821,
                    0.8405895691609976
                ],
                [
                    "T",
                    0.8405895691609976,
                    0.9104308390022675
                ],
                [
                    "ER0",
                    0.9104308390022675,
                    0.9702947845804988
                ]
            ]
        },
        {
            "alignedWord": "ME",
            "start": 0.9702947845804988,
            "end": 1.1498866213151926,
            "phonemes": [
                [
                    "M",
                    0.9702947845804988,
                    1.0201814058956915
                ],
                [
                    "IY1",
                    1.0201814058956915,
                    1.1498866213151926
                ]
            ]
        },
        {
            "alignedWord": "FOR",
            "start": 1.1498866213151926,
            "end": 1.3793650793650793,
            "phonemes": [
                [
                    "F",
                    1.1498866213151926,
                    1.2696145124716554
                ],
                [
                    "AO1",
                    1.2696145124716554,
                    1.319501133786848
                ],
                [
                    "R",
                    1.319501133786848,
                    1.3793650793650793
                ]
            ]
        },
        {
            "alignedWord": "INTERVIEWS",
            "start": 1.3793650793650793,
            "end": 2.088390022675737,
            "phonemes": [
                [
                    "IH1",
                    1.3793650793650793,
                    1.4392290249433104
                ],
                [
                    "N",
                    1.4392290249433104,
                    1.469160997732426
                ],
                [
                    "T",
                    1.469160997732426,
                    1.4990929705215417
                ],
                [
                    "ER0",
                    1.4990929705215417,
                    1.57891156462585
                ],
                [
                    "V",
                    1.57891156462585,
                    1.6287981859410428
                ],
                [
                    "Y",
                    1.6287981859410428,
                    1.7585034013605438
                ],
                [
                    "UW2",
                    1.7585034013605438,
                    1.9181405895691606
                ],
                [
                    "Z",
                    1.9181405895691606,
                    2.088390022675737
                ]
            ]
        }
    ]
}