{
    "words": [
        {
            "alignedWord": "THE",
            "start": 0.0,
            "end": 0.07233560090702948,
            "phonemes": [
                [
                    "DH",
                    0.0,
                    0.04240362811791383
                ],
                [
                    "AH0",
                    0.04240362811791383,
                    0.07233560090702948
                ]
            ]
        },
        {
            "alignedWord": "SECOND",
            "start": 0.07233560090702948,
            "end": 0.5113378684807257,
            "phonemes": [
                [
                    "S",
                    0.07233560090702948,
                    0.24195011337868483
                ],
                [
                    "EH1",
                    0.24195011337868483,
                    0.27188208616780046
                ],
                [
                    "K",
                    0.27188208616780046,
                    0.39160997732426306
                ],
                [
                    "AH0",
                    0.39160997732426306,
                    0.4215419501133787
                ],
                [
                    "N",
                    0.4215419501133787,
                    0.46145124716553293
                ],
                [
                    "D",
                    0.46145124716553293,
                    0.5113378684807257
                ]
            ]
        },
        {
            "alignedWord": "GUN",
            "start": 0.5113378684807257,
            "end": 0.7607709750566894,
            "phonemes": [
                [
                    "G",
                    0.5113378684807257,
                    0.5811791383219955
                ],
                [
                    "AH1",
                    0.5811791383219955,
                    0.6909297052154196
                ],
                [
                    "N",
                    0.6909297052154196,
                    0.7607709750566894
                ]
            ]
        },
        {
            "alignedWord": "IS",
            "start": 0.7607709750566894,
            "end": 0.8705215419501134,
            "phonemes": [
                [
                    "IH1",
                    0.7607709750566894,
                    0.7907029478458051
                ],
                [
                    "Z",
                    0.7907029478458051,
                    0.8705215419501134
                ]
            ]
        },
        {
            "alignedWord": "LOCATED",
            "start": 0.8705215419501134,
            "end": 1.3793650793650793,
            "phonemes": [
                [
                    "L",
                    0.8705215419501134,
                    0.9303854875283448
                ],
                [
                    "OW1",
                    0.9303854875283448,
                    1.0201814058956917
                ],
                [
                    "K",
                    1.0201814058956917,
                    1.1399092970521543
                ],
                [
                    "EY2",
                    1.1399092970521543,
                    1.1798185941043084
                ],
                [
                    "T",
                    1.1798185941043084,
                    1.2496598639455783
                ],
                [
                    "AH0",
                    1.2496598639455783,
                    1.3095238095238095
                ],
                [
                    "D",
                    1.3095238095238095,
                    1.3793650793650793
                ]
            ]
        },
        {
            "alignedWord": "ABOVE",
            "start": 1.3793650793650793,
            "end": 1.5988662131519273,
            "phonemes": [
                [
                    "AH0",
                    1.3793650793650793,
                    1.4092970521541948
                ],
                [
                    "B",
                    1.4092970521541948,
                    1.469160997732426
                ],
                [
                    "AH1",
                    1.469160997732426,
                    1.5689342403628117
                ],
                [
                    "V",
                    1.5689342403628117,
                    1.5988662131519273
                ]
            ]
        },
        {
            "alignedWord": "THE",
            "start": 1.5988662131519273,
            "end": 1.688662131519274,
            "phonemes": [
                [
                    "DH",
                    1.5988662131519273,
                    1.6487528344671198
                ],
                [
                    "AH0",
                    1.6487528344671198,
                    1.688662131519274
                ]
            ]
        },
        {
            "alignedWord": "FIRST",
            "start": 1.688662131519274,
            "end": 2.1476190476190475,
            "phonemes": [
                [
                    "F",
                    1.688662131519274,
                    1.8283446712018139
                ],
                [
                    "ER1",
                    1.8283446712018139,
                    1.8782312925170066
                ],
                [
                    "S",
                    1.8782312925170066,
                    2.0877551020408163
                ],
                [
                    "T",
                    2.0877551020408163,
                    2.1476190476190475
                ]
            ]
        },
        {
            "alignedWord": "sp",
            "start": 2.1476190476190475,
            "end": 2.1875283446712017,
            "phonemes": [
                [
                    "sp",
                    2.1476190476190475,
                    2.1875283446712017
                ]
            ]
        },
        {
            "alignedWord": "GUN",
            "start": 2.1875283446712017,
            "end": 2.2773242630385484,
            "phonemes": [
                [
                    "G",
                    2.1875283446712017,
                    2.217460317460317
                ],
                [
                    "AH1",
                    2.217460317460317,
                    2.247392290249433
                ],
                [
                    "N",
                    2.247392290249433,
                    2.2773242630385484
                ]
            ]
        },
        {
            "alignedWord": "ABOVE",
            "start": 2.2773242630385484,
            "end": 2.526757369614512,
            "phonemes": [
                [
                    "AH0",
                    2.2773242630385484,
                    2.307256235827664
                ],
                [
                    "B",
                    2.307256235827664,
                    2.3571428571428568
                ],
                [
                    "AH1",
                    2.3571428571428568,
                    2.4768707482993193
                ],
                [
                    "V",
                    2.4768707482993193,
                    2.526757369614512
                ]
            ]
        },
        {
            "alignedWord": "THE",
            "start": 2.526757369614512,
            "end": 2.6365079365079356,
            "phonemes": [
                [
                    "DH",
                    2.526757369614512,
                    2.566666666666666
                ],
                [
                    "AH0",
                    2.566666666666666,
                    2.6365079365079356
                ]
            ]
        },
        {
            "alignedWord": "sp",
            "start": 2.6365079365079356,
            "end": 2.696371882086167,