{
    "words": [
        {
            "alignedWord": "A",
            "start": 0.0,
            "end": 0.1521541950113379,
            "phonemes": [
                [
                    "AH0",
                    0.0,
                    0.1521541950113379
                ]
            ]
        },
        {
            "alignedWord": "DRILLING",
            "start": 0.1521541950113379,
            "end": 0.6410430839002268,
            "phonemes": [
                [
                    "D",
                    0.1521541950113379,
                    0.27188208616780046
                ],
                [
                    "R",
                    0.27188208616780046,
                    0.39160997732426306
                ],
                [
                    "IH1",
                    0.39160997732426306,
                    0.4215419501133787
                ],
                [
                    "L",
                    0.4215419501133787,
                    0.5412698412698413
                ],
                [
                    "IH0",
                    0.5412698412698413,
                    0.6011337868480726
                ],
                [
                    "NG",
                    0.6011337868480726,
                    0.6410430839002268
                ]
            ]
        },
        {
            "alignedWord": "MACHINE",
            "start": 0.6410430839002268,
            "end": 1.209750566893424,
            "phonemes": [
                [
                    "M",
                    0.6410430839002268,
                    0.7707482993197279
                ],
                [
                    "AH0",
                    0.7707482993197279,
                    0.8006802721088435
                ],
                [
                    "SH",
                    0.8006802721088435,
                    0.9104308390022675
                ],
                [
                    "IY1",
                    0.9104308390022675,
                    1.1099773242630386
                ],
                [
                    "N",
                    1.1099773242630386,
                    1.209750566893424
                ]
            ]
        },
        {
            "alignedWord": "IS",
            "start": 1.209750566893424,
            "end": 1.4492063492063494,
            "phonemes": [
                [
                    "IH1",
                    1.209750566893424,
                    1.3394557823129254
                ],
                [
                    "Z",
                    1.3394557823129254,
                    1.4492063492063494
                ]
            ]
        },
        {
            "alignedWord": "USED",
            "start": 1.4492063492063494,
            "end": 1.7585034013605445,
            "phonemes": [
                [
                    "Y",
                    1.4492063492063494,
                    1.5988662131519278
                ],
                [
                    "UW1",
                    1.5988662131519278,
                    1.6986394557823132
                ],
                [
                    "Z",
                    1.6986394557823132,
                    1.7285714285714289
                ],
                [
                    "D",
                    1.7285714285714289,
                    1.7585034013605445
                ]
            ]
        },
        {
            "alignedWord": "sp",
            "start": 1.7585034013605445,
            "end": 1.8083900226757372,
            "phonemes": [
                [
                    "sp",
                    1.7585034013605445,
                    1.8083900226757372
                ]
            ]
        },
        {
            "alignedWord": "TO",
            "start": 1.8083900226757372,
            "end": 1.9281179138321995,
            "phonemes": [
                [
                    "T",
                    1.8083900226757372,
                    1.8482993197278914
                ],
                [
                    "UW1",
                    1.8482993197278914,
                    1.9281179138321995
                ]
            ]
        },
        {
            "alignedWord": "FIXATE",
            "start": 1.9281179138321995,
            "end": 2.4269841269841264,
            "phonemes": [
                [
                    "F",
                    1.9281179138321995,
                    1.9979591836734694
                ],
                [
                    "IH1",
                    1.9979591836734694,
                    2.0578231292517004
                ],
                [
                    "K",
                    2.0578231292517004,
                    2.1176870748299317
                ],
                [
                    "S",
                    2.1176870748299317,
                    2.237414965986394
                ],
                [
                    "EY2",
                    2.237414965986394,
                    2.397052154195011
                ],
                [
                    "T",
                    2.397052154195011,
                    2.4269841269841264
                ]
            ]
        },
        {
            "alignedWord": "THE",
            "start": 2.4269841269841264,
            "end": 2.556689342403627,
            "phonemes": [
                [
                    "DH",
                    2.4269841269841264,
                    2.4768707482993193
                ],
                [
                    "AH0",
                    2.4768707482993193,
                    2.556689342403627
                ]
            ]
        },
        {
            "alignedWord": "ICE",
            "start": 2.556689342403627,
            "end": 2.9757369614512466,
            "phonemes": [
                [
                    "AY1",
                    2.556689342403627,
                    2.875963718820861
                ],
                [
                    "S",
                    2.875963718820861,
                    2.9757369614512466
                ]
            ]
        },
        {
            "alignedWord": "sp",
            "start": 2.9757369614512466,
            "end": 3.0156462585034003,
            "phonemes": [
                [
                    "sp",
                    2.9757369614512466,
                    3.0156462585034003
                ]
            ]
        },
        {
            "alignedWord": "HOCKEY",
            "start": 3.0156462585034003,
            "end": 3.3947845804988654,
            "phonemes": [
                [
                    "HH",
                    3.0156462585034003,
                    3.045578231292516
                ],
                [
                    "AA1",
                    3.045578231292516,
                    3.2351473922902487
                ],
                [
                    "K",
                    3.2351473922902487,
                    3.265079365079364
                ],
                [
                    "IY0",
                    3.265079365079364,
                    3.3947845804988654
                ]
            ]
        },
        {
            "alignedWord": "GOAL",
            "start": 3.3947845804988654,
            "end": 3.6122902494331064,
            "phonemes": [
                [
                    "G",
                    3.3947845804988654,
                    3.4546485260770967
                ],
                [
                    "OW1",
                    3.4546485260770967,
                    3.5444444444444434
                ],
                [
                    "L",
                    3.5444444444444434,
                    3.6122902494331064
                ]
            ]
        }
    ]
}