{
    "words": [
        {
            "alignedWord": "THE",
            "start": 0.0,
            "end": 0.07233560090702948,
            "phonemes": [
                [
                    "DH",
                    0.0,
                    0.04240362811791383
                ],
                [
                    "AH0",
                    0.04240362811791383,
                    0.07233560090702948
                ]
            ]
        },
        {
            "alignedWord": "FOOTBALL",
            "start": 0.07233560090702948,
            "end": 0.45147392290249433,
            "phonemes": [
                [
                    "F",
                    0.07233560090702948,
                    0.13219954648526078
                ],
                [
                    "UH1",
                    0.13219954648526078,
                    0.24195011337868483
                ],
                [
                    "T",
                    0.24195011337868483,
                    0.27188208616780046
                ],
                [
                    "B",
                    0.27188208616780046,
                    0.3018140589569161
                ],
                [
                    "AO2",
                    0.3018140589569161,
                    0.36167800453514737
                ],
                [
                    "L",
                    0.36167800453514737,
                    0.45147392290249433
                ]
            ]
        },
        {
            "alignedWord": "JOCKS",
            "start": 0.45147392290249433,
            "end": 0.8106575963718821,
            "phonemes": [
                [
                    "JH",
                    0.45147392290249433,
                    0.5213151927437641
                ],
                [
                    "AA1",
                    0.5213151927437641,
                    0.680952380952381
                ],
                [
                    "K",
                    0.680952380952381,
                    0.720861678004535
                ],
                [
                    "S",
                    0.720861678004535,
                    0.8106575963718821
                ]
            ]
        },
        {
            "alignedWord": "LAUGHED",
            "start": 0.8106575963718821,
            "end": 1.1199546485260772,
            "phonemes": [
                [
                    "L",
                    0.8106575963718821,
                    0.900453514739229
                ],
                [
                    "AE1",
                    0.900453514739229,
                    0.9503401360544217
                ],
                [
                    "F",
                    0.9503401360544217,
                    1.010204081632653
                ],
                [
                    "T",
                    1.010204081632653,
                    1.1199546485260772
                ]
            ]
        },
        {
            "alignedWord": "VICIOUSLY",
            "start": 1.1199546485260772,
            "end": 1.8383219954648524,
            "phonemes": [
                [
                    "V",
                    1.1199546485260772,
                    1.1798185941043082
                ],
                [
                    "IH1",
                    1.1798185941043082,
                    1.249659863945578
                ],
                [
                    "SH",
                    1.249659863945578,
                    1.3594104308390023
                ],
                [
                    "AH0",
                    1.3594104308390023,
                    1.3993197278911562
                ],
                [
                    "S",
                    1.3993197278911562,
                    1.5290249433106575
                ],
                [
                    "L",
                    1.5290249433106575,
                    1.5888888888888888
                ],
                [
                    "IY0",
                    1.5888888888888888,
                    1.8383219954648524
                ]
            ]
        },
        {
            "alignedWord": "sp",
            "start": 1.8383219954648524,
            "end": 2.0964625850340135,
            "phonemes": [
                [
                    "sp",
                    1.8383219954648524,
                    2.0964625850340135
                ]
            ]
        }
    ]
}