{
    "words": [
        {
            "alignedWord": "THE",
            "start": 0.0,
            "end": 0.07233560090702948,
            "phonemes": [
                [
                    "DH",
                    0.0,
                    0.04240362811791383
                ],
                [
                    "AH0",
                    0.04240362811791383,
                    0.07233560090702948
                ]
            ]
        },
        {
            "alignedWord": "BANDS",
            "start": 0.07233560090702948,
            "end": 0.4115646258503402,
            "phonemes": [
                [
                    "B",
                    0.07233560090702948,
                    0.18208616780045353
                ],
                [
                    "AE1",
                    0.18208616780045353,
                    0.2619047619047619
                ],
                [
                    "N",
                    0.2619047619047619,
                    0.31179138321995464
                ],
                [
                    "D",
                    0.31179138321995464,
                    0.34172335600907033
                ],
                [
                    "Z",
                    0.34172335600907033,
                    0.4115646258503402
                ]
            ]
        },
        {
            "alignedWord": "PERFORMANCE",
            "start": 0.41156462585034026,
            "end": 0.9403628117913834,
            "phonemes": [
                [
                    "P",
                    0.41156462585034026,
                    0.461451247165533
                ],
                [
                    "ER0",
                    0.461451247165533,
                    0.5213151927437643
                ],
                [
                    "F",
                    0.5213151927437643,
                    0.6111111111111112
                ],
                [
                    "AO1",
                    0.6111111111111112,
                    0.6909297052154196
                ],
                [
                    "R",
                    0.6909297052154196,
                    0.7408163265306124
                ],
                [
                    "M",
                    0.7408163265306124,
                    0.7907029478458052
                ],
                [
                    "AH0",
                    0.7907029478458052,
                    0.8206349206349208
                ],
                [
                    "N",
                    0.8206349206349208,
                    0.8505668934240364
                ],
                [
                    "S",
                    0.8505668934240364,
                    0.9403628117913834
                ]
            ]
        },
        {
            "alignedWord": "COMPRISES",
            "start": 0.9403628117913834,
            "end": 1.4891156462585031,
            "phonemes": [
                [
                    "K",
                    0.9403628117913834,
                    0.9802721088435374
                ],
                [
                    "AH0",
                    0.9802721088435374,
                    1.0501133786848074
                ],
                [
                    "M",
                    1.0501133786848074,
                    1.1
                ],
                [
                    "P",
                    1.1,
                    1.1698412698412697
                ],
                [
                    "R",
                    1.1698412698412697,
                    1.2097505668934239
                ],
                [
                    "AY1",
                    1.2097505668934239,
                    1.2795918367346937
                ],
                [
                    "Z",
                    1.2795918367346937,
                    1.339455782312925
                ],
                [
                    "AH0",
                    1.339455782312925,
                    1.3693877551020406
                ],
                [
                    "Z",
                    1.3693877551020406,
                    1.4891156462585031
                ]
            ]
        },
        {
            "alignedWord": "MOST",
            "start": 1.4891156462585031,
            "end": 1.7185941043083894,
            "phonemes": [
                [
                    "M",
                    1.4891156462585031,
                    1.558956916099773
                ],
                [
                    "OW1",
                    1.558956916099773,
                    1.6188208616780042
                ],
                [
                    "S",
                    1.6188208616780042,
                    1.6487528344671196
                ],
                [
                    "T",
                    1.6487528344671196,
                    1.7185941043083894
                ]
            ]
        },
        {
            "alignedWord": "OF",
            "start": 1.7185941043083894,
            "end": 1.7884353741496593,
            "phonemes": [
                [
                    "AH1",
                    1.7185941043083894,
                    1.748526077097505
                ],
                [
                    "V",
                    1.748526077097505,
                    1.7884353741496593
                ]
            ]
        },
        {
            "alignedWord": "THE",
            "start": 1.7884353741496593,
            "end": 1.8682539682539676,
            "phonemes": [
                [
                    "DH",
                    1.7884353741496593,
                    1.8283446712018134
                ],
                [
                    "AH0",
                    1.8283446712018134,
                    1.8682539682539676
                ]
            ]
        },
        {
            "alignedWord": "VIDEO",
            "start": 1.8682539682539676,
            "end": 2.3671201814058946,
            "phonemes": [
                [
                    "V",
                    1.8682539682539676,
                    1.9580498866213145
                ],
                [
                    "IH1",
                    1.9580498866213145,
                    2.0678004535147387
                ],
                [
                    "D",
                    2.0678004535147387,
                    2.107709750566893
                ],
                [
                    "IY0",
                    2.107709750566893,
                    2.2274376417233555
                ],
                [
                    "OW0",
                    2.2274376417233555,
                    2.3671201814058946
                ]
            ]
        },
        {
            "alignedWord": "UNTIL",
            "start": 2.3671201814058946,
            "end": 2.5467120181405885,
            "phonemes": [
                [
                    "AH0",
                    2.3671201814058946,
                    2.3970521541950105
                ],
                [
                    "N",
                    2.3970521541950105,
                    2.426984126984126
                ],
                [
                    "T",
                    2.426984126984126,
                    2.486848072562357
                ],
                [
                    "IH1",
                    2.486848072562357,
                    2.5167800453514726
                ],
                [
                    "L",
                    2.5167800453514726,
                    2.5467120181405885
                ]
            ]
        },
        {
            "alignedWord": "THE",
            "start": 2.5467120181405885,
            "end": 2.616553287981858,