{
    "words": [
        {
            "alignedWord": "DURING",
            "start": 0.0,
            "end": 0.3716553287981859,
            "phonemes": [
                [
                    "D",
                    0.0,
                    0.06235827664399093
                ],
                [
                    "UH1",
                    0.06235827664399093,
                    0.09229024943310657
                ],
                [
                    "R",
                    0.09229024943310657,
                    0.1820861678004535
                ],
                [
                    "IH0",
                    0.1820861678004535,
                    0.22199546485260768
                ],
                [
                    "NG",
                    0.22199546485260768,
                    0.3716553287981859
                ]
            ]
        },
        {
            "alignedWord": "THE",
            "start": 0.3716553287981859,
            "end": 0.4414965986394558,
            "phonemes": [
                [
                    "DH",
                    0.3716553287981859,
                    0.4015873015873016
                ],
                [
                    "AH0",
                    0.4015873015873016,
                    0.4414965986394558
                ]
            ]
        },
        {
            "alignedWord": "LAST",
            "start": 0.4414965986394558,
            "end": 0.8206349206349207,
            "phonemes": [
                [
                    "L",
                    0.4414965986394558,
                    0.5811791383219954
                ],
                [
                    "AE1",
                    0.5811791383219954,
                    0.7108843537414966
                ],
                [
                    "S",
                    0.7108843537414966,
                    0.7907029478458051
                ],
                [
                    "T",
                    0.7907029478458051,
                    0.8206349206349207
                ]
            ]
        },
        {
            "alignedWord": "CENTURY",
            "start": 0.8206349206349207,
            "end": 1.4891156462585033,
            "phonemes": [
                [
                    "S",
                    0.8206349206349207,
                    0.9104308390022676
                ],
                [
                    "EH1",
                    0.9104308390022676,
                    1.0201814058956917
                ],
                [
                    "N",
                    1.0201814058956917,
                    1.080045351473923
                ],
                [
                    "CH",
                    1.080045351473923,
                    1.2297052154195012
                ],
                [
                    "ER0",
                    1.2297052154195012,
                    1.2596371882086168
                ],
                [
                    "IY0",
                    1.2596371882086168,
                    1.4891156462585033
                ]
            ]
        },
        {
            "alignedWord": "EXTENSIONS",
            "start": 1.4891156462585033,
            "end": 2.347165532879818,
            "phonemes": [
                [
                    "IH0",
                    1.4891156462585033,
                    1.5489795918367346
                ],
                [
                    "K",
                    1.5489795918367346,
                    1.6587301587301586
                ],
                [
                    "S",
                    1.6587301587301586,
                    1.8183673469387756
                ],
                [
                    "T",
                    1.8183673469387756,
                    1.8482993197278912
                ],
                [
                    "EH1",
                    1.8482993197278912,
                    1.8981859410430837
                ],
                [
                    "N",
                    1.8981859410430837,
                    1.9680272108843535
                ],
                [
                    "SH",
                    1.9680272108843535,
                    2.1077097505668934
                ],
                [
                    "AH0",
                    2.1077097505668934,
                    2.1376417233560088
                ],
                [
                    "N",
                    2.1376417233560088,
                    2.237414965986394
                ],
                [
                    "Z",
                    2.237414965986394,
                    2.347165532879818
                ]
            ]
        },
        {
            "alignedWord": "AND",
            "start": 2.347165532879818,
            "end": 2.566666666666666,
            "phonemes": [
                [
                    "AH0",
                    2.347165532879818,
                    2.377097505668934
                ],
                [
                    "N",
                    2.377097505668934,
                    2.4868480725623576
                ],
                [
                    "D",
                    2.4868480725623576,
                    2.566666666666666
                ]
            ]
        },
        {
            "alignedWord": "sp",
            "start": 2.566666666666666,
            "end": 2.5766439909297043,
            "phonemes": [
                [
                    "sp",
                    2.566666666666666,
                    2.5766439909297043
                ]
            ]
        },
        {
            "alignedWord": "ADDITIONS",
            "start": 2.5766439909297043,
            "end": 3.235147392290248,
            "phonemes": [
                [
                    "AH0",
                    2.5766439909297043,
                    2.60657596371882
                ],
                [
                    "D",
                    2.60657596371882,
                    2.7063492063492056
                ],
                [
                    "IH1",
                    2.7063492063492056,
                    2.7861678004535135
                ],
                [
                    "SH",
                    2.7861678004535135,
                    2.9458049886621303
                ],
                [
                    "AH0",
                    2.9458049886621303,
                    2.9857142857142844
                ],
                [
                    "N",
                    2.9857142857142844,
                    3.075510204081631
                ],
                [
                    "Z",
                    3.075510204081631,
                    3.235147392290248
                ]
            ]
        },
        {
            "alignedWord": "TO",
            "start": 3.235147392290248,
            "end": 3.3049886621315174,
            "phonemes": [
                [
                    "T",
                    3.235147392290248,
                    3.2650793650793632
                ],
                [
                    "UW1",
                    3.2650793650793632,
                    3.3049886621315174
                ]
            ]
        },
        {
            "alignedWord": "THE",
            "start": 3.3049886621315174,
            "end": 3.3748299319727875,
            "phonemes": [
                [
                    "DH",
                    3.3049886621315174,
                    3.3349206349206333
                ],
                [
                    "AH0",
                    3.3349206349206333,
                    3.3748299319727875
                ]
            ]
        },
        {
            "alignedWord": "SCHOOL",
            "start": 3.3748299319727875,
            "end": 3.813832199546483,