{
    "words": [
        {
            "alignedWord": "sp",
            "start": 0.0,
            "end": 0.06235827664399093,
            "phonemes": [
                [
                    "sp",
                    0.0,
                    0.06235827664399093
                ]
            ]
        },
        {
            "alignedWord": "ASEXUAL",
            "start": 0.06235827664399093,
            "end": 0.8405895691609977,
            "phonemes": [
                [
                    "EY0",
                    0.06235827664399093,
                    0.14217687074829932
                ],
                [
                    "S",
                    0.14217687074829932,
                    0.31179138321995464
                ],
                [
                    "EH1",
                    0.31179138321995464,
                    0.4015873015873016
                ],
                [
                    "K",
                    0.4015873015873016,
                    0.4714285714285715
                ],
                [
                    "S",
                    0.4714285714285715,
                    0.5512471655328799
                ],
                [
                    "Y",
                    0.5512471655328799,
                    0.5811791383219954
                ],
                [
                    "UW0",
                    0.5811791383219954,
                    0.6410430839002268
                ],
                [
                    "AH0",
                    0.6410430839002268,
                    0.6709750566893424
                ],
                [
                    "L",
                    0.6709750566893424,
                    0.8405895691609977
                ]
            ]
        },
        {
            "alignedWord": "sp",
            "start": 0.8405895691609977,
            "end": 0.8804988662131519,
            "phonemes": [
                [
                    "sp",
                    0.8405895691609977,
                    0.8804988662131519
                ]
            ]
        },
        {
            "alignedWord": "MEANS",
            "start": 0.8804988662131519,
            "end": 1.179818594104308,
            "phonemes": [
                [
                    "M",
                    0.8804988662131519,
                    0.9702947845804988
                ],
                [
                    "IY1",
                    0.9702947845804988,
                    1.0501133786848071
                ],
                [
                    "N",
                    1.0501133786848071,
                    1.119954648526077
                ],
                [
                    "Z",
                    1.119954648526077,
                    1.179818594104308
                ]
            ]
        },
        {
            "alignedWord": "YOU",
            "start": 1.179818594104308,
            "end": 1.339455782312925,
            "phonemes": [
                [
                    "Y",
                    1.179818594104308,
                    1.2895691609977322
                ],
                [
                    "UW1",
                    1.2895691609977322,
                    1.339455782312925
                ]
            ]
        },
        {
            "alignedWord": "DONT",
            "start": 1.339455782312925,
            "end": 1.688662131519274,
            "phonemes": [
                [
                    "D",
                    1.339455782312925,
                    1.4392290249433104
                ],
                [
                    "AA1",
                    1.4392290249433104,
                    1.4891156462585031
                ],
                [
                    "N",
                    1.4891156462585031,
                    1.5988662131519273
                ],
                [
                    "T",
                    1.5988662131519273,
                    1.688662131519274
                ]
            ]
        },
        {
            "alignedWord": "FIND",
            "start": 1.688662131519274,
            "end": 1.9780045351473918,
            "phonemes": [
                [
                    "F",
                    1.688662131519274,
                    1.7485260770975053
                ],
                [
                    "AY1",
                    1.7485260770975053,
                    1.8582766439909295
                ],
                [
                    "N",
                    1.8582766439909295,
                    1.9181405895691606
                ],
                [
                    "D",
                    1.9181405895691606,
                    1.9780045351473918
                ]
            ]
        },
        {
            "alignedWord": "sp",
            "start": 1.9780045351473918,
            "end": 2.0278911564625846,
            "phonemes": [
                [
                    "sp",
                    1.9780045351473918,
                    2.0278911564625846
                ]
            ]
        },
        {
            "alignedWord": "ANYONE",
            "start": 2.0278911564625846,
            "end": 2.426984126984126,
            "phonemes": [
                [
                    "EH1",
                    2.0278911564625846,
                    2.1176870748299312
                ],
                [
                    "N",
                    2.1176870748299312,
                    2.1575963718820854
                ],
                [
                    "IY0",
                    2.1575963718820854,
                    2.2374149659863938
                ],
                [
                    "W",
                    2.2374149659863938,
                    2.3571428571428563
                ],
                [
                    "AH2",
                    2.3571428571428563,
                    2.3870748299319717
                ],
                [
                    "N",
                    2.3870748299319717,
                    2.426984126984126
                ]
            ]
        },
        {
            "alignedWord": "SEXUALLY",
            "start": 2.426984126984126,
            "end": 3.055555555555554,
            "phonemes": [
                [
                    "S",
                    2.426984126984126,
                    2.6165532879818585
                ],
                [
                    "EH1",
                    2.6165532879818585,
                    2.6564625850340127
                ],
                [
                    "K",
                    2.6564625850340127,
                    2.7263038548752827
                ],
                [
                    "SH",
                    2.7263038548752827,
                    2.8160997732426294
                ],
                [
                    "UW0",
                    2.8160997732426294,
                    2.8759637188208607
                ],
                [
                    "AH0",
                    2.8759637188208607,
                    2.905895691609976
                ],
                [
                    "L",
                    2.905895691609976,
                    2.955782312925169
                ],
                [
                    "IY0",
                    2.955782312925169,
                    3.055555555555554
                ]
            ]
        },
        {
            "alignedWord": "ATTRACTIVE",
            "start": 3.055555555555554,
            "end": 3.5843537414965967,