{
    "words": [
        {
            "alignedWord": "sp",
            "start": 0.0,
            "end": 0.2519274376417234,
            "phonemes": [
                [
                    "sp",
                    0.0,
                    0.2519274376417234
                ]
            ]
        },
        {
            "alignedWord": "THE",
            "start": 0.2519274376417234,
            "end": 0.48140589569160996,
            "phonemes": [
                [
                    "DH",
                    0.2519274376417234,
                    0.4015873015873016
                ],
                [
                    "AH0",
                    0.4015873015873016,
                    0.48140589569160996
                ]
            ]
        },
        {
            "alignedWord": "PACKAGING",
            "start": 0.48140589569160996,
            "end": 1.0401360544217688,
            "phonemes": [
                [
                    "P",
                    0.48140589569160996,
                    0.5412698412698413
                ],
                [
                    "AE1",
                    0.5412698412698413,
                    0.6011337868480726
                ],
                [
                    "K",
                    0.6011337868480726,
                    0.7009070294784581
                ],
                [
                    "IH0",
                    0.7009070294784581,
                    0.7308390022675737
                ],
                [
                    "JH",
                    0.7308390022675737,
                    0.8505668934240362
                ],
                [
                    "IH0",
                    0.8505668934240362,
                    0.9104308390022676
                ],
                [
                    "NG",
                    0.9104308390022676,
                    1.0401360544217688
                ]
            ]
        },
        {
            "alignedWord": "WAS",
            "start": 1.0401360544217688,
            "end": 1.2197278911564626,
            "phonemes": [
                [
                    "W",
                    1.0401360544217688,
                    1.0700680272108845
                ],
                [
                    "AA1",
                    1.0700680272108845,
                    1.1
                ],
                [
                    "Z",
                    1.1,
                    1.2197278911564626
                ]
            ]
        },
        {
            "alignedWord": "DONE",
            "start": 1.2197278911564626,
            "end": 1.5789115646258505,
            "phonemes": [
                [
                    "D",
                    1.2197278911564626,
                    1.279591836734694
                ],
                [
                    "AH1",
                    1.279591836734694,
                    1.389342403628118
                ],
                [
                    "N",
                    1.389342403628118,
                    1.5789115646258505
                ]
            ]
        },
        {
            "alignedWord": "WITH",
            "start": 1.5789115646258505,
            "end": 1.828344671201814,
            "phonemes": [
                [
                    "W",
                    1.5789115646258505,
                    1.7285714285714286
                ],
                [
                    "IH1",
                    1.7285714285714286,
                    1.7784580498866214
                ],
                [
                    "DH",
                    1.7784580498866214,
                    1.828344671201814
                ]
            ]
        },
        {
            "alignedWord": "AN",
            "start": 1.828344671201814,
            "end": 1.958049886621315,
            "phonemes": [
                [
                    "AE1",
                    1.828344671201814,
                    1.8682539682539683
                ],
                [
                    "N",
                    1.8682539682539683,
                    1.958049886621315
                ]
            ]
        },
        {
            "alignedWord": "OLD",
            "start": 1.958049886621315,
            "end": 2.2972789115646255,
            "phonemes": [
                [
                    "OW1",
                    1.958049886621315,
                    2.1476190476190475
                ],
                [
                    "L",
                    2.1476190476190475,
                    2.2573696145124713
                ],
                [
                    "D",
                    2.2573696145124713,
                    2.2972789115646255
                ]
            ]
        },
        {
            "alignedWord": "FASHIONED",
            "start": 2.2972789115646255,
            "end": 2.7861678004535135,
            "phonemes": [
                [
                    "F",
                    2.2972789115646255,
                    2.4070294784580493
                ],
                [
                    "AE1",
                    2.4070294784580493,
                    2.4668934240362805
                ],
                [
                    "SH",
                    2.4668934240362805,
                    2.6165532879818585
                ],
                [
                    "AH0",
                    2.6165532879818585,
                    2.6464852607709743
                ],
                [
                    "N",
                    2.6464852607709743,
                    2.7263038548752827
                ],
                [
                    "D",
                    2.7263038548752827,
                    2.7861678004535135
                ]
            ]
        },
        {
            "alignedWord": "HEIDELBERG",
            "start": 2.7861678004535135,
            "end": 3.833786848072561,
            "phonemes": [
                [
                    "HH",
                    2.7861678004535135,
                    3.025623582766439
                ],
                [
                    "AY1",
                    3.025623582766439,
                    3.15532879818594
                ],
                [
                    "D",
                    3.15532879818594,
                    3.215192743764171
                ],
                [
                    "AH0",
                    3.215192743764171,
                    3.245124716553287
                ],
                [
                    "L",
                    3.245124716553287,
                    3.3349206349206337
                ],
                [
                    "B",
                    3.3349206349206337,
                    3.4646258503401346
                ],
                [
                    "ER0",
                    3.4646258503401346,
                    3.6342403628117896
                ],
                [
                    "G",
                    3.6342403628117896,
                    3.833786848072561
                ]
            ]
        },
        {
            "alignedWord": "CYLINDER",
            "start": 3.833786848072561,
            "end": 4.322675736961451,