{
    "words": [
        {
            "alignedWord": "WATERMAN",
            "start": 0.0,
            "end": 0.571201814058957,
            "phonemes": [
                [
                    "W",
                    0.0,
                    0.05238095238095238
                ],
                [
                    "AO1",
                    0.05238095238095238,
                    0.14217687074829932
                ],
                [
                    "T",
                    0.14217687074829932,
                    0.2918367346938776
                ],
                [
                    "ER0",
                    0.2918367346938776,
                    0.32176870748299324
                ],
                [
                    "M",
                    0.32176870748299324,
                    0.4215419501133787
                ],
                [
                    "AH0",
                    0.4215419501133787,
                    0.4714285714285715
                ],
                [
                    "N",
                    0.4714285714285715,
                    0.571201814058957
                ]
            ]
        },
        {
            "alignedWord": "sp",
            "start": 0.571201814058957,
            "end": 0.591156462585034,
            "phonemes": [
                [
                    "sp",
                    0.571201814058957,
                    0.591156462585034
                ]
            ]
        },
        {
            "alignedWord": "FROM",
            "start": 0.591156462585034,
            "end": 0.7408163265306121,
            "phonemes": [
                [
                    "F",
                    0.591156462585034,
                    0.6410430839002268
                ],
                [
                    "R",
                    0.6410430839002268,
                    0.680952380952381
                ],
                [
                    "AH1",
                    0.680952380952381,
                    0.7108843537414965
                ],
                [
                    "M",
                    0.7108843537414965,
                    0.7408163265306121
                ]
            ]
        },
        {
            "alignedWord": "THE",
            "start": 0.7408163265306121,
            "end": 0.830612244897959,
            "phonemes": [
                [
                    "DH",
                    0.7408163265306121,
                    0.7807256235827663
                ],
                [
                    "AH0",
                    0.7807256235827663,
                    0.830612244897959
                ]
            ]
        },
        {
            "alignedWord": "EXISTING",
            "start": 0.830612244897959,
            "end": 1.449206349206349,
            "phonemes": [
                [
                    "IH0",
                    0.830612244897959,
                    0.9204081632653061
                ],
                [
                    "G",
                    0.9204081632653061,
                    1.0201814058956915
                ],
                [
                    "Z",
                    1.0201814058956915,
                    1.1299319727891157
                ],
                [
                    "IH1",
                    1.1299319727891157,
                    1.1798185941043082
                ],
                [
                    "S",
                    1.1798185941043082,
                    1.3594104308390023
                ],
                [
                    "T",
                    1.3594104308390023,
                    1.3893424036281177
                ],
                [
                    "IH0",
                    1.3893424036281177,
                    1.4192743764172333
                ],
                [
                    "NG",
                    1.4192743764172333,
                    1.449206349206349
                ]
            ]
        },
        {
            "alignedWord": "OWNERS",
            "start": 1.449206349206349,
            "end": 1.6802267573696146,
            "phonemes": [
                [
                    "OW1",
                    1.449206349206349,
                    1.4891156462585031
                ],
                [
                    "N",
                    1.4891156462585031,
                    1.5489795918367344
                ],
                [
                    "ER0",
                    1.5489795918367344,
                    1.638775510204081
                ],
                [
                    "Z",
                    1.638775510204081,
                    1.6802267573696146
                ]
            ]
        }
    ]
}