{
    "words": [
        {
            "alignedWord": "MALES",
            "start": 0.0,
            "end": 0.7108843537414966,
            "phonemes": [
                [
                    "M",
                    0.0,
                    0.17210884353741498
                ],
                [
                    "EY1",
                    0.17210884353741498,
                    0.32176870748299324
                ],
                [
                    "L",
                    0.32176870748299324,
                    0.5512471655328799
                ],
                [
                    "Z",
                    0.5512471655328799,
                    0.7108843537414966
                ]
            ]
        },
        {
            "alignedWord": "ALSO",
            "start": 0.7108843537414966,
            "end": 1.129931972789116,
            "phonemes": [
                [
                    "AO1",
                    0.7108843537414966,
                    0.8505668934240364
                ],
                [
                    "L",
                    0.8505668934240364,
                    0.9204081632653063
                ],
                [
                    "S",
                    0.9204081632653063,
                    1.0102040816326532
                ],
                [
                    "OW0",
                    1.0102040816326532,
                    1.129931972789116
                ]
            ]
        },
        {
            "alignedWord": "TURN",
            "start": 1.129931972789116,
            "end": 1.5090702947845807,
            "phonemes": [
                [
                    "T",
                    1.129931972789116,
                    1.2696145124716556
                ],
                [
                    "ER1",
                    1.2696145124716556,
                    1.4292517006802723
                ],
                [
                    "N",
                    1.4292517006802723,
                    1.5090702947845807
                ]
            ]
        },
        {
            "alignedWord": "RED",
            "start": 1.5090702947845807,
            "end": 1.7784580498866214,
            "phonemes": [
                [
                    "R",
                    1.5090702947845807,
                    1.6387755102040817
                ],
                [
                    "EH1",
                    1.6387755102040817,
                    1.7285714285714286
                ],
                [
                    "D",
                    1.7285714285714286,
                    1.7784580498866214
                ]
            ]
        },
        {
            "alignedWord": "sp",
            "start": 1.7784580498866214,
            "end": 1.78843537414966,
            "phonemes": [
                [
                    "sp",
                    1.7784580498866214,
                    1.78843537414966
                ]
            ]
        },
        {
            "alignedWord": "HEADED",
            "start": 1.78843537414966,
            "end": 2.207482993197279,
            "phonemes": [
                [
                    "HH",
                    1.78843537414966,
                    1.9081632653061225
                ],
                [
                    "EH1",
                    1.9081632653061225,
                    1.9780045351473923
                ],
                [
                    "D",
                    1.9780045351473923,
                    2.027891156462585
                ],
                [
                    "AH0",
                    2.027891156462585,
                    2.0977324263038546
                ],
                [
                    "D",
                    2.0977324263038546,
                    2.207482993197279
                ]
            ]
        },
        {
            "alignedWord": "AFTER",
            "start": 2.207482993197279,
            "end": 2.636507936507936,
            "phonemes": [
                [
                    "AE1",
                    2.207482993197279,
                    2.3770975056689343
                ],
                [
                    "F",
                    2.3770975056689343,
                    2.4569160997732427
                ],
                [
                    "T",
                    2.4569160997732427,
                    2.5167800453514735
                ],
                [
                    "ER0",
                    2.5167800453514735,
                    2.636507936507936
                ]
            ]
        },
        {
            "alignedWord": "A",
            "start": 2.636507936507936,
            "end": 2.766213151927437,
            "phonemes": [
                [
                    "AH0",
                    2.636507936507936,
                    2.766213151927437
                ]
            ]
        },
        {
            "alignedWord": "SUCCESSFUL",
            "start": 2.766213151927437,
            "end": 3.5544217687074817,
            "phonemes": [
                [
                    "S",
                    2.766213151927437,
                    2.995691609977324
                ],
                [
                    "AH0",
                    2.995691609977324,
                    3.0256235827664395
                ],
                [
                    "K",
                    3.0256235827664395,
                    3.0655328798185937
                ],
                [
                    "S",
                    3.0655328798185937,
                    3.1952380952380945
                ],
                [
                    "EH1",
                    3.1952380952380945,
                    3.2351473922902487
                ],
                [
                    "S",
                    3.2351473922902487,
                    3.3648526077097496
                ],
                [
                    "F",
                    3.3648526077097496,
                    3.4047619047619038
                ],
                [
                    "AH0",
                    3.4047619047619038,
                    3.4346938775510196
                ],
                [
                    "L",
                    3.4346938775510196,
                    3.5544217687074817
                ]
            ]
        },
        {
            "alignedWord": "BATTLE",
            "start": 3.5544217687074817,
            "end": 4.083219954648525,
            "phonemes": [
                [
                    "B",
                    3.5544217687074817,
                    3.7240362811791377
                ],
                [
                    "AE1",
                    3.7240362811791377,
                    3.7938775510204072
                ],
                [
                    "T",
                    3.7938775510204072,
                    3.8337868480725614
                ],
                [
                    "AH0",
                    3.8337868480725614,
                    3.863718820861677
                ],
                [
                    "L",
                    3.863718820861677,
                    4.083219954648525
                ]
            ]
        },
        {
            "alignedWord": "sp",
            "start": 4.083219954648525,
            "end": 4.093197278911564,
            "phonemes": [
                [
                    "sp",
                    4.083219954648525,
                    4.093197278911564
                ]
            ]
        },
        {
            "alignedWord": "WITH",
            "start": 4.093197278911564,
            "end": 4.232879818594104,