{
    "words": [
        {
            "alignedWord": "IT",
            "start": 0.0,
            "end": 0.09229024943310657,
            "phonemes": [
                [
                    "IH1",
                    0.0,
                    0.04240362811791383
                ],
                [
                    "T",
                    0.04240362811791383,
                    0.09229024943310657
                ]
            ]
        },
        {
            "alignedWord": "HAS",
            "start": 0.09229024943310657,
            "end": 1.4092969523809524,
            "phonemes": [
                [
                    "HH",
                    0.09229024943310657,
                    1.139909297052154
                ],
                [
                    "AE1",
                    1.139909297052154,
                    1.2995463854875282
                ],
                [
                    "Z",
                    1.2995463854875282,
                    1.4092969523809524
                ]
            ]
        },
        {
            "alignedWord": "BEEN",
            "start": 1.4092969523809524,
            "end": 1.548979492063492,
            "phonemes": [
                [
                    "B",
                    1.4092969523809524,
                    1.4691608979591837
                ],
                [
                    "IH1",
                    1.4691608979591837,
                    1.5190475192743764
                ],
                [
                    "N",
                    1.5190475192743764,
                    1.548979492063492
                ]
            ]
        },
        {
            "alignedWord": "DESCRIBED",
            "start": 1.548979492063492,
            "end": 2.057823029478458,
            "phonemes": [
                [
                    "D",
                    1.548979492063492,
                    1.5988661133786848
                ],
                [
                    "IH0",
                    1.5988661133786848,
                    1.6287980861678004
                ],
                [
                    "S",
                    1.6287980861678004,
                    1.7285713287981859
                ],
                [
                    "K",
                    1.7285713287981859,
                    1.76848062585034
                ],
                [
                    "R",
                    1.76848062585034,
                    1.8782311927437643
                ],
                [
                    "AY1",
                    1.8782311927437643,
                    1.9879817596371883
                ],
                [
                    "B",
                    1.9879817596371883,
                    2.0278910566893424
                ],
                [
                    "D",
                    2.0278910566893424,
                    2.057823029478458
                ]
            ]
        },
        {
            "alignedWord": "AS",
            "start": 2.057823029478458,
            "end": 2.1775509206349204,
            "phonemes": [
                [
                    "AE1",
                    2.057823029478458,
                    2.097732326530612
                ],
                [
                    "Z",
                    2.097732326530612,
                    2.1775509206349204
                ]
            ]
        },
        {
            "alignedWord": "ONE",
            "start": 2.1775509206349204,
            "end": 2.3770974058956913,
            "phonemes": [
                [
                    "W",
                    2.1775509206349204,
                    2.3072561360544213
                ],
                [
                    "AH1",
                    2.3072561360544213,
                    2.337188108843537
                ],
                [
                    "N",
                    2.337188108843537,
                    2.3770974058956913
                ]
            ]
        },
        {
            "alignedWord": "OF",
            "start": 2.3770974058956913,
            "end": 2.4768706485260767,
            "phonemes": [
                [
                    "AH1",
                    2.3770974058956913,
                    2.4070293786848067
                ],
                [
                    "V",
                    2.4070293786848067,
                    2.4768706485260767
                ]
            ]
        },
        {
            "alignedWord": "sp",
            "start": 2.4768706485260767,
            "end": 2.496825297052154,
            "phonemes": [
                [
                    "sp",
                    2.4768706485260767,
                    2.496825297052154
                ]
            ]
        },
        {
            "alignedWord": "THE",
            "start": 2.496825297052154,
            "end": 2.5566892426303847,
            "phonemes": [
                [
                    "DH",
                    2.496825297052154,
                    2.5267572698412692
                ],
                [
                    "AH0",
                    2.5267572698412692,
                    2.5566892426303847
                ]
            ]
        },
        {
            "alignedWord": "GREATEST",
            "start": 2.5566892426303847,
            "end": 3.045578131519273,
            "phonemes": [
                [
                    "G",
                    2.5566892426303847,
                    2.6065758639455776
                ],
                [
                    "R",
                    2.6065758639455776,
                    2.7462584036281172
                ],
                [
                    "EY1",
                    2.7462584036281172,
                    2.7761903764172327
                ],
                [
                    "T",
                    2.7761903764172327,
                    2.836054321995464
                ],
                [
                    "AH0",
                    2.836054321995464,
                    2.875963619047618
                ],
                [
                    "S",
                    2.875963619047618,
                    3.0156461587301573
                ],
                [
                    "T",
                    3.0156461587301573,
                    3.045578131519273
                ]
            ]
        },
        {
            "alignedWord": "CHILDHOOD",
            "start": 3.045578131519273,
            "end": 3.4047618049886603,
            "phonemes": [
                [
                    "CH",
                    3.045578131519273,
                    3.0954647528344656
                ],
                [
                    "AY1",
                    3.0954647528344656,
                    3.195237995464851
                ],
                [
                    "L",
                    3.195237995464851,
                    3.225169968253967
                ],
                [
                    "D",
                    3.225169968253967,
                    3.304988562358275
                ],
                [
                    "HH",
                    3.304988562358275,
                    3.3349205351473907
                ],
                [
                    "UH2",
                    3.3349205351473907,
                    3.364852507936506
                ],
                [
                    "D",
                    3.364852507936506,
                    3.4047618049886603
                ]
            ]
        },
        {
            "alignedWord": "CLASSICS",
            "start": 3.4047618049886603,
            "end": 3.933559990929703,