{
    "words": [
        {
            "alignedWord": "sp",
            "start": 0.0,
            "end": 0.6011337868480725,
            "phonemes": [
                [
                    "sp",
                    0.0,
                    0.6011337868480725
                ]
            ]
        },
        {
            "alignedWord": "THE",
            "start": 0.6011337868480725,
            "end": 0.6909297052154195,
            "phonemes": [
                [
                    "DH",
                    0.6011337868480725,
                    0.6609977324263039
                ],
                [
                    "AH0",
                    0.6609977324263039,
                    0.6909297052154195
                ]
            ]
        },
        {
            "alignedWord": "ALBUM",
            "start": 0.6909297052154195,
            "end": 1.2097505668934239,
            "phonemes": [
                [
                    "AE1",
                    0.6909297052154195,
                    0.8405895691609977
                ],
                [
                    "L",
                    0.8405895691609977,
                    0.9702947845804988
                ],
                [
                    "B",
                    0.9702947845804988,
                    1.0401360544217686
                ],
                [
                    "AH0",
                    1.0401360544217686,
                    1.1598639455782311
                ],
                [
                    "M",
                    1.1598639455782311,
                    1.2097505668934239
                ]
            ]
        },
        {
            "alignedWord": "NONETHELESS",
            "start": 1.2097505668934239,
            "end": 1.9380952380952379,
            "phonemes": [
                [
                    "N",
                    1.2097505668934239,
                    1.3394557823129252
                ],
                [
                    "AH2",
                    1.3394557823129252,
                    1.4591836734693877
                ],
                [
                    "N",
                    1.4591836734693877,
                    1.519047619047619
                ],
                [
                    "DH",
                    1.519047619047619,
                    1.5888888888888888
                ],
                [
                    "AH0",
                    1.5888888888888888,
                    1.6188208616780044
                ],
                [
                    "L",
                    1.6188208616780044,
                    1.738548752834467
                ],
                [
                    "EH1",
                    1.738548752834467,
                    1.8582766439909297
                ],
                [
                    "S",
                    1.8582766439909297,
                    1.9380952380952379
                ]
            ]
        },
        {
            "alignedWord": "sp",
            "start": 1.9380952380952379,
            "end": 2.0877551020408163,
            "phonemes": [
                [
                    "sp",
                    1.9380952380952379,
                    2.0877551020408163
                ]
            ]
        },
        {
            "alignedWord": "SOLD",
            "start": 2.0877551020408163,
            "end": 2.7063492063492065,
            "phonemes": [
                [
                    "S",
                    2.0877551020408163,
                    2.3072562358276643
                ],
                [
                    "OW1",
                    2.3072562358276643,
                    2.5267573696145127
                ],
                [
                    "L",
                    2.5267573696145127,
                    2.556689342403628
                ],
                [
                    "D",
                    2.556689342403628,
                    2.7063492063492065
                ]
            ]
        },
        {
            "alignedWord": "sp",
            "start": 2.7063492063492065,
            "end": 2.7861678004535144,
            "phonemes": [
                [
                    "sp",
                    2.7063492063492065,
                    2.7861678004535144
                ]
            ]
        },
        {
            "alignedWord": "THREE",
            "start": 2.7861678004535144,
            "end": 2.975736961451247,
            "phonemes": [
                [
                    "TH",
                    2.7861678004535144,
                    2.8160997732426303
                ],
                [
                    "R",
                    2.8160997732426303,
                    2.8460317460317457
                ],
                [
                    "IY1",
                    2.8460317460317457,
                    2.975736961451247
                ]
            ]
        },
        {
            "alignedWord": "TIMES",
            "start": 2.975736961451247,
            "end": 3.454648526077097,
            "phonemes": [
                [
                    "T",
                    2.975736961451247,
                    3.105442176870748
                ],
                [
                    "AY1",
                    3.105442176870748,
                    3.3049886621315188
                ],
                [
                    "M",
                    3.3049886621315188,
                    3.3548752834467117
                ],
                [
                    "Z",
                    3.3548752834467117,
                    3.454648526077097
                ]
            ]
        },
        {
            "alignedWord": "AS",
            "start": 3.454648526077097,
            "end": 3.624263038548752,
            "phonemes": [
                [
                    "AE1",
                    3.454648526077097,
                    3.4945578231292513
                ],
                [
                    "Z",
                    3.4945578231292513,
                    3.624263038548752
                ]
            ]
        },
        {
            "alignedWord": "MANY",
            "start": 3.624263038548752,
            "end": 3.923582766439908,
            "phonemes": [
                [
                    "M",
                    3.624263038548752,
                    3.6841269841269835
                ],
                [
                    "EH1",
                    3.6841269841269835,
                    3.753968253968253
                ],
                [
                    "N",
                    3.753968253968253,
                    3.8238095238095227
                ],
                [
                    "IY0",
                    3.8238095238095227,
                    3.923582766439908
                ]
            ]
        },
        {
            "alignedWord": "COPIES",
            "start": 3.923582766439908,
            "end": 4.472335600907028,
            "phonemes": [
                [
                    "K",
                    3.923582766439908,
                    4.023356009070294
                ],
                [
                    "AA1",
                    4.023356009070294,
                    4.153061224489796
                ],
                [
                    "P",
                    4.153061224489796,
                    4.272789115646257
                ],
                [
                    "IY0",
                    4.272789115646257,
                    4.312698412698412
                ],
                [
                    "Z",
                    4.312698412698412,
                    4.472335600907028
                ]
            ]
        },
        {
            "alignedWord": "OVERSEAS",
            "start": 4.472335600907028,
            "end": 5.260544217687074,