{
    "words": [
        {
            "alignedWord": "sp",
            "start": 0.0,
            "end": 0.4714285714285714,
            "phonemes": [
                [
                    "sp",
                    0.0,
                    0.4714285714285714
                ]
            ]
        },
        {
            "alignedWord": "ERDMANN",
            "start": 0.4714285714285714,
            "end": 0.8306122448979592,
            "phonemes": [
                [
                    "ER1",
                    0.4714285714285714,
                    0.6011337868480725
                ],
                [
                    "D",
                    0.6011337868480725,
                    0.680952380952381
                ],
                [
                    "M",
                    0.680952380952381,
                    0.7408163265306122
                ],
                [
                    "AH0",
                    0.7408163265306122,
                    0.8006802721088436
                ],
                [
                    "N",
                    0.8006802721088436,
                    0.8306122448979592
                ]
            ]
        },
        {
            "alignedWord": "HAD",
            "start": 0.8306122448979592,
            "end": 0.990249433106576,
            "phonemes": [
                [
                    "HH",
                    0.8306122448979592,
                    0.8605442176870748
                ],
                [
                    "AE1",
                    0.8605442176870748,
                    0.9403628117913833
                ],
                [
                    "D",
                    0.9403628117913833,
                    0.990249433106576
                ]
            ]
        },
        {
            "alignedWord": "MANY",
            "start": 0.990249433106576,
            "end": 1.2795918367346937,
            "phonemes": [
                [
                    "M",
                    0.990249433106576,
                    1.1
                ],
                [
                    "EH1",
                    1.1,
                    1.139909297052154
                ],
                [
                    "N",
                    1.139909297052154,
                    1.1997732426303853
                ],
                [
                    "IY0",
                    1.1997732426303853,
                    1.2795918367346937
                ]
            ]
        },
        {
            "alignedWord": "READERS",
            "start": 1.2795918367346937,
            "end": 1.6587301587301584,
            "phonemes": [
                [
                    "R",
                    1.2795918367346937,
                    1.3095238095238093
                ],
                [
                    "IY1",
                    1.3095238095238093,
                    1.4092970521541948
                ],
                [
                    "D",
                    1.4092970521541948,
                    1.4591836734693875
                ],
                [
                    "ER0",
                    1.4591836734693875,
                    1.628798185941043
                ],
                [
                    "Z",
                    1.628798185941043,
                    1.6587301587301584
                ]
            ]
        },
        {
            "alignedWord": "STUDENTS",
            "start": 1.6587301587301584,
            "end": 2.087755102040816,
            "phonemes": [
                [
                    "S",
                    1.6587301587301584,
                    1.7485260770975053
                ],
                [
                    "T",
                    1.7485260770975053,
                    1.798412698412698
                ],
                [
                    "UW1",
                    1.798412698412698,
                    1.8782312925170064
                ],
                [
                    "D",
                    1.8782312925170064,
                    1.9081632653061218
                ],
                [
                    "AH0",
                    1.9081632653061218,
                    1.9879818594104302
                ],
                [
                    "N",
                    1.9879818594104302,
                    2.017913832199546
                ],
                [
                    "T",
                    2.017913832199546,
                    2.0478458049886616
                ],
                [
                    "S",
                    2.0478458049886616,
                    2.087755102040816
                ]
            ]
        },
        {
            "alignedWord": "AND",
            "start": 2.087755102040816,
            "end": 2.1975056689342396,
            "phonemes": [
                [
                    "AH0",
                    2.087755102040816,
                    2.1376417233560083
                ],
                [
                    "N",
                    2.1376417233560083,
                    2.167573696145124
                ],
                [
                    "D",
                    2.167573696145124,
                    2.1975056689342396
                ]
            ]
        },
        {
            "alignedWord": "FOLLOWERS",
            "start": 2.1975056689342396,
            "end": 2.6963718820861664,
            "phonemes": [
                [
                    "F",
                    2.1975056689342396,
                    2.2274376417233555
                ],
                [
                    "AA1",
                    2.2274376417233555,
                    2.257369614512471
                ],
                [
                    "L",
                    2.257369614512471,
                    2.3571428571428563
                ],
                [
                    "OW0",
                    2.3571428571428563,
                    2.46689342403628
                ],
                [
                    "ER0",
                    2.46689342403628,
                    2.5666666666666655
                ],
                [
                    "Z",
                    2.5666666666666655,
                    2.6963718820861664
                ]
            ]
        },
        {
            "alignedWord": "AND",
            "start": 2.6963718820861664,
            "end": 2.816099773242629,
            "phonemes": [
                [
                    "AH0",
                    2.6963718820861664,
                    2.7562358276643977
                ],
                [
                    "N",
                    2.7562358276643977,
                    2.786167800453513
                ],
                [
                    "D",
                    2.786167800453513,
                    2.816099773242629
                ]
            ]
        },
        {
            "alignedWord": "INFLUENCED",
            "start": 2.816099773242629,
            "end": 3.3648526077097483,