{
    "words": [
        {
            "alignedWord": "WHAT",
            "start": 0.0,
            "end": 0.19206349206349205,
            "phonemes": [
                [
                    "W",
                    0.0,
                    0.06235827664399093
                ],
                [
                    "AH1",
                    0.06235827664399093,
                    0.10226757369614511
                ],
                [
                    "T",
                    0.10226757369614511,
                    0.19206349206349205
                ]
            ]
        },
        {
            "alignedWord": "DID",
            "start": 0.19206349206349205,
            "end": 0.3317460317460318,
            "phonemes": [
                [
                    "D",
                    0.19206349206349205,
                    0.23197278911564626
                ],
                [
                    "IH1",
                    0.23197278911564626,
                    0.2619047619047619
                ],
                [
                    "D",
                    0.2619047619047619,
                    0.3317460317460318
                ]
            ]
        },
        {
            "alignedWord": "IT",
            "start": 0.3317460317460318,
            "end": 0.4414965986394558,
            "phonemes": [
                [
                    "IH1",
                    0.3317460317460318,
                    0.3816326530612245
                ],
                [
                    "T",
                    0.3816326530612245,
                    0.4414965986394558
                ]
            ]
        },
        {
            "alignedWord": "MATTER",
            "start": 0.4414965986394558,
            "end": 0.7410430839002268,
            "phonemes": [
                [
                    "M",
                    0.4414965986394558,
                    0.5312925170068028
                ],
                [
                    "AE1",
                    0.5312925170068028,
                    0.6510204081632653
                ],
                [
                    "T",
                    0.6510204081632653,
                    0.6909297052154195
                ],
                [
                    "ER0",
                    0.6909297052154195,
                    0.7410430839002268
                ]
            ]
        }
    ]
}