{
    "words": [
        {
            "alignedWord": "FOUR",
            "start": 0.0,
            "end": 1.1498866213151926,
            "phonemes": [
                [
                    "F",
                    0.0,
                    0.9104308390022676
                ],
                [
                    "AO1",
                    0.9104308390022676,
                    1.1199546485260772
                ],
                [
                    "R",
                    1.1199546485260772,
                    1.1498866213151926
                ]
            ]
        },
        {
            "alignedWord": "sp",
            "start": 1.1498866213151926,
            "end": 1.7964172335600908,
            "phonemes": [
                [
                    "sp",
                    1.1498866213151926,
                    1.7964172335600908
                ]
            ]
        }
    ]
}