{
    "words": [
        {
            "alignedWord": "THE",
            "start": 0.0,
            "end": 0.07233560090702948,
            "phonemes": [
                [
                    "DH",
                    0.0,
                    0.04240362811791383
                ],
                [
                    "AH0",
                    0.04240362811791383,
                    0.07233560090702948
                ]
            ]
        },
        {
            "alignedWord": "CRIMINALS",
            "start": 0.07233560090702948,
            "end": 0.7607709750566893,
            "phonemes": [
                [
                    "K",
                    0.07233560090702948,
                    0.18208616780045353
                ],
                [
                    "R",
                    0.18208616780045353,
                    0.2219954648526077
                ],
                [
                    "IH1",
                    0.2219954648526077,
                    0.281859410430839
                ],
                [
                    "M",
                    0.281859410430839,
                    0.3716553287981859
                ],
                [
                    "AH0",
                    0.3716553287981859,
                    0.41156462585034015
                ],
                [
                    "N",
                    0.41156462585034015,
                    0.48140589569160996
                ],
                [
                    "AH0",
                    0.48140589569160996,
                    0.5113378684807256
                ],
                [
                    "L",
                    0.5113378684807256,
                    0.6609977324263039
                ],
                [
                    "Z",
                    0.6609977324263039,
                    0.7607709750566893
                ]
            ]
        },
        {
            "alignedWord": "sp",
            "start": 0.7607709750566893,
            "end": 0.7707482993197279,
            "phonemes": [
                [
                    "sp",
                    0.7607709750566893,
                    0.7707482993197279
                ]
            ]
        },
        {
            "alignedWord": "TAUNTED",
            "start": 0.7707482993197279,
            "end": 1.409297052154195,
            "phonemes": [
                [
                    "T",
                    0.7707482993197279,
                    0.8904761904761904
                ],
                [
                    "AO1",
                    0.8904761904761904,
                    1.1
                ],
                [
                    "N",
                    1.1,
                    1.1498866213151926
                ],
                [
                    "T",
                    1.1498866213151926,
                    1.2596371882086168
                ],
                [
                    "IH0",
                    1.2596371882086168,
                    1.349433106575964
                ],
                [
                    "D",
                    1.349433106575964,
                    1.409297052154195
                ]
            ]
        },
        {
            "alignedWord": "sp",
            "start": 1.409297052154195,
            "end": 2.027891156462585,
            "phonemes": [
                [
                    "sp",
                    1.409297052154195,
                    2.027891156462585
                ]
            ]
        },
        {
            "alignedWord": "THE",
            "start": 2.027891156462585,
            "end": 2.1077097505668934,
            "phonemes": [
                [
                    "DH",
                    2.027891156462585,
                    2.0777777777777775
                ],
                [
                    "AH0",
                    2.0777777777777775,
                    2.1077097505668934
                ]
            ]
        },
        {
            "alignedWord": "POLICE",
            "start": 2.1077097505668934,
            "end": 2.596598639455782,
            "phonemes": [
                [
                    "P",
                    2.1077097505668934,
                    2.2773242630385484
                ],
                [
                    "AH0",
                    2.2773242630385484,
                    2.3172335600907026
                ],
                [
                    "L",
                    2.3172335600907026,
                    2.347165532879818
                ],
                [
                    "IY1",
                    2.347165532879818,
                    2.387074829931972
                ],
                [
                    "S",
                    2.387074829931972,
                    2.596598639455782
                ]
            ]
        },
        {
            "alignedWord": "OFFICERS",
            "start": 2.596598639455782,
            "end": 3.165306122448979,
            "phonemes": [
                [
                    "AO1",
                    2.596598639455782,
                    2.656462585034013
                ],
                [
                    "F",
                    2.656462585034013,
                    2.766213151927437
                ],
                [
                    "AH0",
                    2.766213151927437,
                    2.7961451247165527
                ],
                [
                    "S",
                    2.7961451247165527,
                    2.9458049886621307
                ],
                [
                    "ER0",
                    2.9458049886621307,
                    2.9956916099773236
                ],
                [
                    "Z",
                    2.9956916099773236,
                    3.165306122448979
                ]
            ]
        },
        {
            "alignedWord": "AND",
            "start": 3.165306122448979,
            "end": 3.3249433106575954,
            "phonemes": [
                [
                    "AH0",
                    3.165306122448979,
                    3.2251700680272104
                ],
                [
                    "N",
                    3.2251700680272104,
                    3.29501133786848
                ],
                [
                    "D",
                    3.29501133786848,
                    3.3249433106575954
                ]
            ]
        },
        {
            "alignedWord": "PRISON",
            "start": 3.3249433106575954,
            "end": 3.7140589569160984,
            "phonemes": [
                [
                    "P",
                    3.3249433106575954,
                    3.3947845804988654
                ],
                [
                    "R",
                    3.3947845804988654,
                    3.4346938775510196
                ],
                [
                    "IH1",
                    3.4346938775510196,
                    3.474603174603174
                ],
                [
                    "Z",
                    3.474603174603174,
                    3.5643990929705205
                ],
                [
                    "AH0",
                    3.5643990929705205,
                    3.6043083900226747
                ],
                [
                    "N",
                    3.6043083900226747,
                    3.7140589569160984
                ]
            ]
        },
        {
            "alignedWord": "sp",
            "start": 3.7140589569160984,
            "end": 3.7439909297052143,
            "phonemes": [
                [
                    "sp",
                    3.7140589569160984,
                    3.7439909297052143
                ]
            ]
        },
        {
            "alignedWord": "GUARDS",
            "start": 3.7439909297052143,
            "end": 4.242857142857142,