{
    "words": [
        {
            "alignedWord": "IT",
            "start": 0.0,
            "end": 0.09229024943310657,
            "phonemes": [
                [
                    "IH1",
                    0.0,
                    0.04240362811791383
                ],
                [
                    "T",
                    0.04240362811791383,
                    0.09229024943310657
                ]
            ]
        },
        {
            "alignedWord": "HAS",
            "start": 0.09229024943310657,
            "end": 0.9204081632653062,
            "phonemes": [
                [
                    "HH",
                    0.09229024943310657,
                    0.8206349206349207
                ],
                [
                    "AE1",
                    0.8206349206349207,
                    0.8505668934240362
                ],
                [
                    "Z",
                    0.8505668934240362,
                    0.9204081632653062
                ]
            ]
        },
        {
            "alignedWord": "BEEN",
            "start": 0.9204081632653062,
            "end": 1.3494331065759637,
            "phonemes": [
                [
                    "B",
                    0.9204081632653062,
                    1.139909297052154
                ],
                [
                    "IH1",
                    1.139909297052154,
                    1.3095238095238095
                ],
                [
                    "N",
                    1.3095238095238095,
                    1.3494331065759637
                ]
            ]
        },
        {
            "alignedWord": "DESCRIBED",
            "start": 1.3494331065759637,
            "end": 2.057823129251701,
            "phonemes": [
                [
                    "D",
                    1.3494331065759637,
                    1.4591836734693877
                ],
                [
                    "IH0",
                    1.4591836734693877,
                    1.5489795918367348
                ],
                [
                    "S",
                    1.5489795918367348,
                    1.7285714285714286
                ],
                [
                    "K",
                    1.7285714285714286,
                    1.7684807256235828
                ],
                [
                    "R",
                    1.7684807256235828,
                    1.878231292517007
                ],
                [
                    "AY1",
                    1.878231292517007,
                    1.987981859410431
                ],
                [
                    "B",
                    1.987981859410431,
                    2.0278911564625854
                ],
                [
                    "D",
                    2.0278911564625854,
                    2.057823129251701
                ]
            ]
        },
        {
            "alignedWord": "AS",
            "start": 2.057823129251701,
            "end": 2.1775510204081634,
            "phonemes": [
                [
                    "AE1",
                    2.057823129251701,
                    2.097732426303855
                ],
                [
                    "Z",
                    2.097732426303855,
                    2.1775510204081634
                ]
            ]
        },
        {
            "alignedWord": "ONE",
            "start": 2.1775510204081634,
            "end": 2.3770975056689343,
            "phonemes": [
                [
                    "W",
                    2.1775510204081634,
                    2.3072562358276643
                ],
                [
                    "AH1",
                    2.3072562358276643,
                    2.33718820861678
                ],
                [
                    "N",
                    2.33718820861678,
                    2.3770975056689343
                ]
            ]
        },
        {
            "alignedWord": "OF",
            "start": 2.3770975056689343,
            "end": 2.4768707482993197,
            "phonemes": [
                [
                    "AH1",
                    2.3770975056689343,
                    2.4070294784580497
                ],
                [
                    "V",
                    2.4070294784580497,
                    2.4768707482993197
                ]
            ]
        },
        {
            "alignedWord": "sp",
            "start": 2.4768707482993197,
            "end": 2.496825396825397,
            "phonemes": [
                [
                    "sp",
                    2.4768707482993197,
                    2.496825396825397
                ]
            ]
        },
        {
            "alignedWord": "THE",
            "start": 2.496825396825397,
            "end": 2.5566893424036277,
            "phonemes": [
                [
                    "DH",
                    2.496825396825397,
                    2.5267573696145122
                ],
                [
                    "AH0",
                    2.5267573696145122,
                    2.5566893424036277
                ]
            ]
        },
        {
            "alignedWord": "GREATEST",
            "start": 2.5566893424036277,
            "end": 3.045578231292516,
            "phonemes": [
                [
                    "G",
                    2.5566893424036277,
                    2.6065759637188206
                ],
                [
                    "R",
                    2.6065759637188206,
                    2.7462585034013602
                ],
                [
                    "EY1",
                    2.7462585034013602,
                    2.7761904761904757
                ],
                [
                    "T",
                    2.7761904761904757,
                    2.836054421768707
                ],
                [
                    "AH0",
                    2.836054421768707,
                    2.875963718820861
                ],
                [
                    "S",
                    2.875963718820861,
                    3.0156462585034003
                ],
                [
                    "T",
                    3.0156462585034003,
                    3.045578231292516
                ]
            ]
        },
        {
            "alignedWord": "CHILDHOOD",
            "start": 3.045578231292516,
            "end": 3.4047619047619033,
            "phonemes": [
                [
                    "CH",
                    3.045578231292516,
                    3.0954648526077087
                ],
                [
                    "AY1",
                    3.0954648526077087,
                    3.195238095238094
                ],
                [
                    "L",
                    3.195238095238094,
                    3.22517006802721
                ],
                [
                    "D",
                    3.22517006802721,
                    3.304988662131518
                ],
                [
                    "HH",
                    3.304988662131518,
                    3.3349206349206337
                ],
                [
                    "UH2",
                    3.3349206349206337,
                    3.364852607709749
                ],
                [
                    "D",
                    3.364852607709749,
                    3.4047619047619033
                ]
            ]
        },
        {
            "alignedWord": "CLASSICS",
            "start": 3.4047619047619033,
            "end": 3.933560090702946,