{
    "words": [
        {
            "alignedWord": "sp",
            "start": 0.0,
            "end": 0.4015873015873016,
            "phonemes": [
                [
                    "sp",
                    0.0,
                    0.4015873015873016
                ]
            ]
        },
        {
            "alignedWord": "MANY",
            "start": 0.4015873015873016,
            "end": 0.8505668934240362,
            "phonemes": [
                [
                    "M",
                    0.4015873015873016,
                    0.6310657596371883
                ],
                [
                    "EH1",
                    0.6310657596371883,
                    0.6909297052154196
                ],
                [
                    "N",
                    0.6909297052154196,
                    0.7208616780045352
                ],
                [
                    "IY0",
                    0.7208616780045352,
                    0.8505668934240362
                ]
            ]
        },
        {
            "alignedWord": "SOLDIERS",
            "start": 0.8505668934240362,
            "end": 1.3693877551020408,
            "phonemes": [
                [
                    "S",
                    0.8505668934240362,
                    0.9603174603174602
                ],
                [
                    "OW1",
                    0.9603174603174602,
                    1.080045351473923
                ],
                [
                    "L",
                    1.080045351473923,
                    1.1199546485260772
                ],
                [
                    "JH",
                    1.1199546485260772,
                    1.1897959183673468
                ],
                [
                    "ER0",
                    1.1897959183673468,
                    1.299546485260771
                ],
                [
                    "Z",
                    1.299546485260771,
                    1.3693877551020408
                ]
            ]
        },
        {
            "alignedWord": "OF",
            "start": 1.3693877551020408,
            "end": 1.499092970521542,
            "phonemes": [
                [
                    "AH1",
                    1.3693877551020408,
                    1.4092970521541948
                ],
                [
                    "V",
                    1.4092970521541948,
                    1.499092970521542
                ]
            ]
        },
        {
            "alignedWord": "WORLD",
            "start": 1.499092970521542,
            "end": 1.808390022675737,
            "phonemes": [
                [
                    "W",
                    1.499092970521542,
                    1.5689342403628117
                ],
                [
                    "ER1",
                    1.5689342403628117,
                    1.6587301587301586
                ],
                [
                    "L",
                    1.6587301587301586,
                    1.7585034013605443
                ],
                [
                    "D",
                    1.7585034013605443,
                    1.808390022675737
                ]
            ]
        },
        {
            "alignedWord": "sp",
            "start": 1.808390022675737,
            "end": 1.8383219954648526,
            "phonemes": [
                [
                    "sp",
                    1.808390022675737,
                    1.8383219954648526
                ]
            ]
        },
        {
            "alignedWord": "WAR",
            "start": 1.8383219954648526,
            "end": 2.027891156462585,
            "phonemes": [
                [
                    "W",
                    1.8383219954648526,
                    1.8682539682539683
                ],
                [
                    "AO1",
                    1.8682539682539683,
                    1.9181405895691608
                ],
                [
                    "R",
                    1.9181405895691608,
                    2.027891156462585
                ]
            ]
        },
        {
            "alignedWord": "TWO",
            "start": 2.027891156462585,
            "end": 2.4369614512471656,
            "phonemes": [
                [
                    "T",
                    2.027891156462585,
                    2.19750566893424
                ],
                [
                    "UW1",
                    2.19750566893424,
                    2.4369614512471656
                ]
            ]
        },
        {
            "alignedWord": "HAVE",
            "start": 2.4369614512471656,
            "end": 2.616553287981859,
            "phonemes": [
                [
                    "HH",
                    2.4369614512471656,
                    2.5167800453514735
                ],
                [
                    "AE1",
                    2.5167800453514735,
                    2.5467120181405893
                ],
                [
                    "V",
                    2.5467120181405893,
                    2.616553287981859
                ]
            ]
        },
        {
            "alignedWord": "NEVER",
            "start": 2.616553287981859,
            "end": 2.9258503401360536,
            "phonemes": [
                [
                    "N",
                    2.616553287981859,
                    2.706349206349206
                ],
                [
                    "EH1",
                    2.706349206349206,
                    2.7562358276643986
                ],
                [
                    "V",
                    2.7562358276643986,
                    2.806122448979591
                ],
                [
                    "ER0",
                    2.806122448979591,
                    2.9258503401360536
                ]
            ]
        },
        {
            "alignedWord": "BEEN",
            "start": 2.9258503401360536,
            "end": 3.1154195011337857,
            "phonemes": [
                [
                    "B",
                    2.9258503401360536,
                    2.9757369614512466
                ],
                [
                    "IH1",
                    2.9757369614512466,
                    3.0156462585034003
                ],
                [
                    "N",
                    3.0156462585034003,
                    3.1154195011337857
                ]
            ]
        },
        {
            "alignedWord": "BURIED",
            "start": 3.1154195011337857,
            "end": 3.5544217687074813,
            "phonemes": [
                [
                    "B",
                    3.1154195011337857,
                    3.195238095238094
                ],
                [
                    "EH1",
                    3.195238095238094,
                    3.3149659863945566
                ],
                [
                    "R",
                    3.3149659863945566,
                    3.354875283446711
                ],
                [
                    "IY0",
                    3.354875283446711,
                    3.514512471655327
                ],
                [
                    "D",
                    3.514512471655327,
                    3.5544217687074813
                ]
            ]
        },
        {
            "alignedWord": "ON",
            "start": 3.5544217687074813,
            "end": 3.8238095238095218,
            "phonemes": [
                [
                    "AA1",
                    3.5544217687074813,
                    3.7040816326530597
                ],
                [
                    "N",
                    3.7040816326530597,
                    3.8238095238095218
                ]
            ]
        },
        {
            "alignedWord": "A",
            "start": 3.8238095238095218,