{
    "words": [
        {
            "alignedWord": "THEREAFTER",
            "start": 0.0,
            "end": 0.611111111111111,
            "phonemes": [
                [
                    "DH",
                    0.0,
                    0.04240362811791383
                ],
                [
                    "EH0",
                    0.04240362811791383,
                    0.15215419501133787
                ],
                [
                    "R",
                    0.15215419501133787,
                    0.1820861678004535
                ],
                [
                    "AE1",
                    0.1820861678004535,
                    0.37165532879818586
                ],
                [
                    "F",
                    0.37165532879818586,
                    0.40158730158730155
                ],
                [
                    "T",
                    0.40158730158730155,
                    0.49138321995464845
                ],
                [
                    "ER0",
                    0.49138321995464845,
                    0.611111111111111
                ]
            ]
        },
        {
            "alignedWord": "AUDITS",
            "start": 0.611111111111111,
            "end": 0.9802721088435375,
            "phonemes": [
                [
                    "AA1",
                    0.611111111111111,
                    0.7807256235827664
                ],
                [
                    "D",
                    0.7807256235827664,
                    0.8306122448979592
                ],
                [
                    "AH0",
                    0.8306122448979592,
                    0.880498866213152
                ],
                [
                    "T",
                    0.880498866213152,
                    0.9303854875283448
                ],
                [
                    "S",
                    0.9303854875283448,
                    0.9802721088435375
                ]
            ]
        },
        {
            "alignedWord": "WOULD",
            "start": 0.9802721088435375,
            "end": 1.080045351473923,
            "phonemes": [
                [
                    "W",
                    0.9802721088435375,
                    1.0102040816326532
                ],
                [
                    "UH1",
                    1.0102040816326532,
                    1.0401360544217688
                ],
                [
                    "D",
                    1.0401360544217688,
                    1.080045351473923
                ]
            ]
        },
        {
            "alignedWord": "TAKE",
            "start": 1.080045351473923,
            "end": 1.3693877551020408,
            "phonemes": [
                [
                    "T",
                    1.080045351473923,
                    1.1698412698412697
                ],
                [
                    "EY1",
                    1.1698412698412697,
                    1.299546485260771
                ],
                [
                    "K",
                    1.299546485260771,
                    1.3693877551020408
                ]
            ]
        },
        {
            "alignedWord": "PLACE",
            "start": 1.3693877551020408,
            "end": 1.6986394557823126,
            "phonemes": [
                [
                    "P",
                    1.3693877551020408,
                    1.3993197278911562
                ],
                [
                    "L",
                    1.3993197278911562,
                    1.4591836734693875
                ],
                [
                    "EY1",
                    1.4591836734693875,
                    1.5489795918367344
                ],
                [
                    "S",
                    1.5489795918367344,
                    1.6986394557823126
                ]
            ]
        },
        {
            "alignedWord": "ON",
            "start": 1.6986394557823126,
            "end": 1.778458049886621,
            "phonemes": [
                [
                    "AA1",
                    1.6986394557823126,
                    1.7485260770975053
                ],
                [
                    "N",
                    1.7485260770975053,
                    1.778458049886621
                ]
            ]
        },
        {
            "alignedWord": "sp",
            "start": 1.778458049886621,
            "end": 1.8283446712018137,
            "phonemes": [
                [
                    "sp",
                    1.778458049886621,
                    1.8283446712018137
                ]
            ]
        },
        {
            "alignedWord": "A",
            "start": 1.8283446712018137,
            "end": 1.8582766439909293,
            "phonemes": [
                [
                    "AH0",
                    1.8283446712018137,
                    1.8582766439909293
                ]
            ]
        },
        {
            "alignedWord": "SIX",
            "start": 1.8582766439909293,
            "end": 2.1975056689342396,
            "phonemes": [
                [
                    "S",
                    1.8582766439909293,
                    1.9680272108843533
                ],
                [
                    "IH1",
                    1.9680272108843533,
                    2.017913832199546
                ],
                [
                    "K",
                    2.017913832199546,
                    2.087755102040816
                ],
                [
                    "S",
                    2.087755102040816,
                    2.1975056689342396
                ]
            ]
        },
        {
            "alignedWord": "YEARLY",
            "start": 2.1975056689342396,
            "end": 2.486848072562357,
            "phonemes": [
                [
                    "Y",
                    2.1975056689342396,
                    2.2374149659863938
                ],
                [
                    "IH1",
                    2.2374149659863938,
                    2.297278911564625
                ],
                [
                    "R",
                    2.297278911564625,
                    2.3571428571428563
                ],
                [
                    "L",
                    2.3571428571428563,
                    2.426984126984126
                ],
                [
                    "IY0",
                    2.426984126984126,
                    2.486848072562357
                ]
            ]
        },
        {
            "alignedWord": "CYCLE",
            "start": 2.486848072562357,
            "end": 2.94580498866213,
            "phonemes": [
                [
                    "S",
                    2.486848072562357,
                    2.576643990929704
                ],
                [
                    "AY1",
                    2.576643990929704,
                    2.7163265306122435
                ],
                [
                    "K",
                    2.7163265306122435,
                    2.796145124716552
                ],
                [
                    "AH0",
                    2.796145124716552,
                    2.8260770975056673
                ],
                [
                    "L",
                    2.8260770975056673,
                    2.94580498866213
                ]
            ]
        },
        {
            "alignedWord": "sp",
            "start": 2.94580498866213,
            "end": 3.6350566893424037,
            "phonemes": [
                [
                    "sp",
                    2.94580498866213,
                    3.6350566893424037
                ]
            ]
        }
    ]
}