{
    "words": [
        {
            "alignedWord": "MORGAN",
            "start": 0.0,
            "end": 0.8006802721088436,
            "phonemes": [
                [
                    "M",
                    0.0,
                    0.28185941043083906
                ],
                [
                    "AO1",
                    0.28185941043083906,
                    0.4414965986394558
                ],
                [
                    "R",
                    0.4414965986394558,
                    0.4714285714285715
                ],
                [
                    "G",
                    0.4714285714285715,
                    0.5811791383219954
                ],
                [
                    "AH0",
                    0.5811791383219954,
                    0.7108843537414966
                ],
                [
                    "N",
                    0.7108843537414966,
                    0.8006802721088436
                ]
            ]
        },
        {
            "alignedWord": "sp",
            "start": 0.8006802721088436,
            "end": 1.2496598639455783,
            "phonemes": [
                [
                    "sp",
                    0.8006802721088436,
                    1.2496598639455783
                ]
            ]
        },
        {
            "alignedWord": "BOULEVARD",
            "start": 1.2496598639455783,
            "end": 1.8183673469387758,
            "phonemes": [
                [
                    "B",
                    1.2496598639455783,
                    1.409297052154195
                ],
                [
                    "UH1",
                    1.409297052154195,
                    1.5090702947845807
                ],
                [
                    "L",
                    1.5090702947845807,
                    1.5390022675736963
                ],
                [
                    "AH0",
                    1.5390022675736963,
                    1.568934240362812
                ],
                [
                    "V",
                    1.568934240362812,
                    1.5988662131519276
                ],
                [
                    "AA2",
                    1.5988662131519276,
                    1.6886621315192745
                ],
                [
                    "R",
                    1.6886621315192745,
                    1.71859410430839
                ],
                [
                    "D",
                    1.71859410430839,
                    1.8183673469387758
                ]
            ]
        },
        {
            "alignedWord": "WAS",
            "start": 1.8183673469387758,
            "end": 2.127664399092971,
            "phonemes": [
                [
                    "W",
                    1.8183673469387758,
                    1.9380952380952383
                ],
                [
                    "AA1",
                    1.9380952380952383,
                    1.968027210884354
                ],
                [
                    "Z",
                    1.968027210884354,
                    2.127664399092971
                ]
            ]
        },
        {
            "alignedWord": "INCLUDED",
            "start": 2.127664399092971,
            "end": 2.5267573696145122,
            "phonemes": [
                [
                    "IH0",
                    2.127664399092971,
                    2.1575963718820863
                ],
                [
                    "N",
                    2.1575963718820863,
                    2.2174603174603176
                ],
                [
                    "K",
                    2.2174603174603176,
                    2.2473922902494334
                ],
                [
                    "L",
                    2.2473922902494334,
                    2.277324263038549
                ],
                [
                    "UW1",
                    2.277324263038549,
                    2.33718820861678
                ],
                [
                    "D",
                    2.33718820861678,
                    2.3870748299319726
                ],
                [
                    "AH0",
                    2.3870748299319726,
                    2.4569160997732427
                ],
                [
                    "D",
                    2.4569160997732427,
                    2.5267573696145122
                ]
            ]
        },
        {
            "alignedWord": "sp",
            "start": 2.5267573696145122,
            "end": 2.955827664399093,
            "phonemes": [
                [
                    "sp",
                    2.5267573696145122,
                    2.955827664399093
                ]
            ]
        }
    ]
}