{
    "words": [
        {
            "alignedWord": "sp",
            "start": 0.0,
            "end": 0.7408163265306121,
            "phonemes": [
                [
                    "sp",
                    0.0,
                    0.7408163265306121
                ]
            ]
        },
        {
            "alignedWord": "HIS",
            "start": 0.7408163265306121,
            "end": 0.9902494331065759,
            "phonemes": [
                [
                    "HH",
                    0.7408163265306121,
                    0.7807256235827663
                ],
                [
                    "IH1",
                    0.7807256235827663,
                    0.8405895691609976
                ],
                [
                    "Z",
                    0.8405895691609976,
                    0.9902494331065759
                ]
            ]
        },
        {
            "alignedWord": "REPLACEMENT",
            "start": 0.9902494331065759,
            "end": 1.7684807256235824,
            "phonemes": [
                [
                    "R",
                    0.9902494331065759,
                    1.080045351473923
                ],
                [
                    "IH0",
                    1.080045351473923,
                    1.1698412698412697
                ],
                [
                    "P",
                    1.1698412698412697,
                    1.279591836734694
                ],
                [
                    "L",
                    1.279591836734694,
                    1.319501133786848
                ],
                [
                    "EY1",
                    1.319501133786848,
                    1.3993197278911562
                ],
                [
                    "S",
                    1.3993197278911562,
                    1.5489795918367346
                ],
                [
                    "M",
                    1.5489795918367346,
                    1.628798185941043
                ],
                [
                    "AH0",
                    1.628798185941043,
                    1.668707482993197
                ],
                [
                    "N",
                    1.668707482993197,
                    1.7385487528344667
                ],
                [
                    "T",
                    1.7385487528344667,
                    1.7684807256235824
                ]
            ]
        },
        {
            "alignedWord": "FOR",
            "start": 1.7684807256235824,
            "end": 2.237414965986394,
            "phonemes": [
                [
                    "F",
                    1.7684807256235824,
                    1.9879818594104304
                ],
                [
                    "AO1",
                    1.9879818594104304,
                    2.207482993197279
                ],
                [
                    "R",
                    2.207482993197279,
                    2.237414965986394
                ]
            ]
        },
        {
            "alignedWord": "THE",
            "start": 2.237414965986394,
            "end": 2.5167800453514735,
            "phonemes": [
                [
                    "DH",
                    2.237414965986394,
                    2.3371882086167797
                ],
                [
                    "AH0",
                    2.3371882086167797,
                    2.5167800453514735
                ]
            ]
        },
        {
            "alignedWord": "WAS",
            "start": 2.5167800453514735,
            "end": 2.9956916099773245,
            "phonemes": [
                [
                    "W",
                    2.5167800453514735,
                    2.6065759637188206
                ],
                [
                    "AA1",
                    2.6065759637188206,
                    2.8061224489795915
                ],
                [
                    "Z",
                    2.8061224489795915,
                    2.9956916099773245
                ]
            ]
        },
        {
            "alignedWord": "sp",
            "start": 2.9956916099773245,
            "end": 3.1353741496598637,
            "phonemes": [
                [
                    "sp",
                    2.9956916099773245,
                    3.1353741496598637
                ]
            ]
        },
        {
            "alignedWord": "DEREK",
            "start": 3.1353741496598637,
            "end": 3.4845804988662126,
            "phonemes": [
                [
                    "D",
                    3.1353741496598637,
                    3.1653061224489796
                ],
                [
                    "EH1",
                    3.1653061224489796,
                    3.2750566893424033
                ],
                [
                    "R",
                    3.2750566893424033,
                    3.404761904761904
                ],
                [
                    "IH0",
                    3.404761904761904,
                    3.4446712018140584
                ],
                [
                    "K",
                    3.4446712018140584,
                    3.4845804988662126
                ]
            ]
        },
        {
            "alignedWord": "sp",
            "start": 3.4845804988662126,
            "end": 3.624263038548752,
            "phonemes": [
                [
                    "sp",
                    3.4845804988662126,
                    3.624263038548752
                ]
            ]
        },
        {
            "alignedWord": "WADSWORTH",
            "start": 3.624263038548752,
            "end": 4.362585034013605,
            "phonemes": [
                [
                    "W",
                    3.624263038548752,
                    3.803854875283446
                ],
                [
                    "AA1",
                    3.803854875283446,
                    3.833786848072562
                ],
                [
                    "D",
                    3.833786848072562,
                    3.873696145124716
                ],
                [
                    "Z",
                    3.873696145124716,
                    4.023356009070294
                ],
                [
                    "W",
                    4.023356009070294,
                    4.153061224489796
                ],
                [
                    "ER0",
                    4.153061224489796,
                    4.242857142857143
                ],
                [
                    "TH",
                    4.242857142857143,
                    4.362585034013605
                ]
            ]
        },
        {
            "alignedWord": "sp",
            "start": 4.362585034013605,
            "end": 5.070975056689342,
            "phonemes": [
                [
                    "sp",
                    4.362585034013605,
                    5.070975056689342
                ]
            ]
        },
        {
            "alignedWord": "WHO",
            "start": 5.070975056689342,
            "end": 5.200680272108843,
            "phonemes": [
                [
                    "HH",
                    5.070975056689342,
                    5.110884353741496
                ],
                [
                    "UW1",
                    5.110884353741496,
                    5.200680272108843
                ]
            ]
        },
        {
            "alignedWord": "COMPOSED",
            "start": 5.200680272108843,
            "end": 5.889115646258503,