{
    "words": [
        {
            "alignedWord": "SOMETHING",
            "start": 0.0,
            "end": 0.501360544217687,
            "phonemes": [
                [
                    "S",
                    0.0,
                    0.1521541950113379
                ],
                [
                    "AH1",
                    0.1521541950113379,
                    0.20204081632653062
                ],
                [
                    "M",
                    0.20204081632653062,
                    0.3018140589569161
                ],
                [
                    "TH",
                    0.3018140589569161,
                    0.3816326530612245
                ],
                [
                    "IH0",
                    0.3816326530612245,
                    0.4414965986394558
                ],
                [
                    "NG",
                    0.4414965986394558,
                    0.501360544217687
                ]
            ]
        },
        {
            "alignedWord": "SMELLS",
            "start": 0.501360544217687,
            "end": 0.9204081632653063,
            "phonemes": [
                [
                    "S",
                    0.501360544217687,
                    0.6310657596371883
                ],
                [
                    "M",
                    0.6310657596371883,
                    0.7009070294784581
                ],
                [
                    "EH1",
                    0.7009070294784581,
                    0.7607709750566894
                ],
                [
                    "L",
                    0.7607709750566894,
                    0.8605442176870749
                ],
                [
                    "Z",
                    0.8605442176870749,
                    0.9204081632653063
                ]
            ]
        },
        {
            "alignedWord": "AROUND",
            "start": 0.9204081632653063,
            "end": 1.319501133786848,
            "phonemes": [
                [
                    "ER0",
                    0.9204081632653063,
                    1.0501133786848074
                ],
                [
                    "AW1",
                    1.0501133786848074,
                    1.2396825396825397
                ],
                [
                    "N",
                    1.2396825396825397,
                    1.2895691609977324
                ],
                [
                    "D",
                    1.2895691609977324,
                    1.319501133786848
                ]
            ]
        },
        {
            "alignedWord": "HERE",
            "start": 1.319501133786848,
            "end": 1.6188208616780044,
            "phonemes": [
                [
                    "HH",
                    1.319501133786848,
                    1.519047619047619
                ],
                [
                    "IY1",
                    1.519047619047619,
                    1.5589569160997732
                ],
                [
                    "R",
                    1.5589569160997732,
                    1.6188208616780044
                ]
            ]
        },
        {
            "alignedWord": "sp",
            "start": 1.6188208616780044,
            "end": 1.7076190476190476,
            "phonemes": [
                [
                    "sp",
                    1.6188208616780044,
                    1.7076190476190476
                ]
            ]
        }
    ]
}