{
    "words": [
        {
            "alignedWord": "BOTH",
            "start": 0.0,
            "end": 0.2619047619047619,
            "phonemes": [
                [
                    "B",
                    0.0,
                    0.04240362811791383
                ],
                [
                    "OW1",
                    0.04240362811791383,
                    0.13219954648526078
                ],
                [
                    "TH",
                    0.13219954648526078,
                    0.2619047619047619
                ]
            ]
        },
        {
            "alignedWord": "CHAMPIONS",
            "start": 0.2619047619047619,
            "end": 0.8505668934240362,
            "phonemes": [
                [
                    "CH",
                    0.2619047619047619,
                    0.39160997732426306
                ],
                [
                    "AE1",
                    0.39160997732426306,
                    0.5113378684807256
                ],
                [
                    "M",
                    0.5113378684807256,
                    0.5412698412698412
                ],
                [
                    "P",
                    0.5412698412698412,
                    0.591156462585034
                ],
                [
                    "IY0",
                    0.591156462585034,
                    0.680952380952381
                ],
                [
                    "AH0",
                    0.680952380952381,
                    0.7108843537414965
                ],
                [
                    "N",
                    0.7108843537414965,
                    0.7707482993197279
                ],
                [
                    "Z",
                    0.7707482993197279,
                    0.8505668934240362
                ]
            ]
        },
        {
            "alignedWord": "RETAINED",
            "start": 0.8505668934240362,
            "end": 1.3095238095238095,
            "phonemes": [
                [
                    "R",
                    0.8505668934240362,
                    0.9303854875283447
                ],
                [
                    "IH0",
                    0.9303854875283447,
                    0.9702947845804988
                ],
                [
                    "T",
                    0.9702947845804988,
                    1.080045351473923
                ],
                [
                    "EY1",
                    1.080045351473923,
                    1.1997732426303855
                ],
                [
                    "N",
                    1.1997732426303855,
                    1.279591836734694
                ],
                [
                    "D",
                    1.279591836734694,
                    1.3095238095238095
                ]
            ]
        },
        {
            "alignedWord": "THEIR",
            "start": 1.3095238095238095,
            "end": 1.4691609977324263,
            "phonemes": [
                [
                    "DH",
                    1.3095238095238095,
                    1.3394557823129252
                ],
                [
                    "EH1",
                    1.3394557823129252,
                    1.4392290249433106
                ],
                [
                    "R",
                    1.4392290249433106,
                    1.4691609977324263
                ]
            ]
        },
        {
            "alignedWord": "TITLES",
            "start": 1.4691609977324263,
            "end": 1.9780045351473923,
            "phonemes": [
                [
                    "T",
                    1.4691609977324263,
                    1.588888888888889
                ],
                [
                    "AY1",
                    1.588888888888889,
                    1.7086167800453516
                ],
                [
                    "T",
                    1.7086167800453516,
                    1.7385487528344672
                ],
                [
                    "AH0",
                    1.7385487528344672,
                    1.7784580498866214
                ],
                [
                    "L",
                    1.7784580498866214,
                    1.898185941043084
                ],
                [
                    "Z",
                    1.898185941043084,
                    1.9780045351473923
                ]
            ]
        },
        {
            "alignedWord": "WITH",
            "start": 1.9780045351473923,
            "end": 2.317233560090703,
            "phonemes": [
                [
                    "W",
                    1.9780045351473923,
                    2.067800453514739
                ],
                [
                    "IH1",
                    2.067800453514739,
                    2.1276643990929704
                ],
                [
                    "DH",
                    2.1276643990929704,
                    2.317233560090703
                ]
            ]
        },
        {
            "alignedWord": "SIXTH",
            "start": 2.317233560090703,
            "end": 2.786167800453514,
            "phonemes": [
                [
                    "S",
                    2.317233560090703,
                    2.466893424036281
                ],
                [
                    "IH1",
                    2.466893424036281,
                    2.5267573696145122
                ],
                [
                    "K",
                    2.5267573696145122,
                    2.656462585034013
                ],
                [
                    "S",
                    2.656462585034013,
                    2.706349206349206
                ],
                [
                    "TH",
                    2.706349206349206,
                    2.786167800453514
                ]
            ]
        },
        {
            "alignedWord": "ROUND",
            "start": 2.786167800453514,
            "end": 3.29501133786848,
            "phonemes": [
                [
                    "R",
                    2.786167800453514,
                    2.9458049886621307
                ],
                [
                    "AW1",
                    2.9458049886621307,
                    3.115419501133786
                ],
                [
                    "N",
                    3.115419501133786,
                    3.1752834467120175
                ],
                [
                    "D",
                    3.1752834467120175,
                    3.29501133786848
                ]
            ]
        },
        {
            "alignedWord": "KNOCKOUT",
            "start": 3.29501133786848,
            "end": 3.803854875283445,
            "phonemes": [
                [
                    "N",
                    3.29501133786848,
                    3.424716553287981
                ],
                [
                    "AA1",
                    3.424716553287981,
                    3.5544217687074817
                ],
                [
                    "K",
                    3.5544217687074817,
                    3.664172335600906
                ],
                [
                    "AW2",
                    3.664172335600906,
                    3.7539682539682526
                ],
                [
                    "T",
                    3.7539682539682526,
                    3.803854875283445
                ]
            ]
        },
        {
            "alignedWord": "WINS",
            "start": 3.803854875283445,
            "end": 4.279138321995465,