{
    "words": [
        {
            "alignedWord": "MALES",
            "start": 0.0,
            "end": 0.7308390022675737,
            "phonemes": [
                [
                    "M",
                    0.0,
                    0.17210884353741498
                ],
                [
                    "EY1",
                    0.17210884353741498,
                    0.31179138321995464
                ],
                [
                    "L",
                    0.31179138321995464,
                    0.5512471655328799
                ],
                [
                    "Z",
                    0.5512471655328799,
                    0.7308390022675737
                ]
            ]
        },
        {
            "alignedWord": "ALSO",
            "start": 0.7308390022675737,
            "end": 1.1299319727891157,
            "phonemes": [
                [
                    "AO1",
                    0.7308390022675737,
                    0.8505668934240362
                ],
                [
                    "L",
                    0.8505668934240362,
                    0.9204081632653062
                ],
                [
                    "S",
                    0.9204081632653062,
                    1.010204081632653
                ],
                [
                    "OW0",
                    1.010204081632653,
                    1.1299319727891157
                ]
            ]
        },
        {
            "alignedWord": "TURN",
            "start": 1.1299319727891157,
            "end": 1.3993197278911564,
            "phonemes": [
                [
                    "T",
                    1.1299319727891157,
                    1.2696145124716554
                ],
                [
                    "ER1",
                    1.2696145124716554,
                    1.369387755102041
                ],
                [
                    "N",
                    1.369387755102041,
                    1.3993197278911564
                ]
            ]
        },
        {
            "alignedWord": "RED",
            "start": 1.3993197278911564,
            "end": 1.7784580498866212,
            "phonemes": [
                [
                    "R",
                    1.3993197278911564,
                    1.6387755102040815
                ],
                [
                    "EH1",
                    1.6387755102040815,
                    1.7185941043083899
                ],
                [
                    "D",
                    1.7185941043083899,
                    1.7784580498866212
                ]
            ]
        },
        {
            "alignedWord": "sp",
            "start": 1.7784580498866212,
            "end": 1.7984126984126982,
            "phonemes": [
                [
                    "sp",
                    1.7784580498866212,
                    1.7984126984126982
                ]
            ]
        },
        {
            "alignedWord": "HEADED",
            "start": 1.7984126984126982,
            "end": 2.207482993197279,
            "phonemes": [
                [
                    "HH",
                    1.7984126984126982,
                    1.9081632653061222
                ],
                [
                    "EH1",
                    1.9081632653061222,
                    1.978004535147392
                ],
                [
                    "D",
                    1.978004535147392,
                    2.027891156462585
                ],
                [
                    "AH0",
                    2.027891156462585,
                    2.0977324263038546
                ],
                [
                    "D",
                    2.0977324263038546,
                    2.207482993197279
                ]
            ]
        },
        {
            "alignedWord": "AFTER",
            "start": 2.207482993197279,
            "end": 2.6365079365079356,
            "phonemes": [
                [
                    "AE1",
                    2.207482993197279,
                    2.367120181405895
                ],
                [
                    "F",
                    2.367120181405895,
                    2.456916099773242
                ],
                [
                    "T",
                    2.456916099773242,
                    2.516780045351473
                ],
                [
                    "ER0",
                    2.516780045351473,
                    2.6365079365079356
                ]
            ]
        },
        {
            "alignedWord": "A",
            "start": 2.6365079365079356,
            "end": 2.7861678004535135,
            "phonemes": [
                [
                    "AH0",
                    2.6365079365079356,
                    2.7861678004535135
                ]
            ]
        },
        {
            "alignedWord": "SUCCESSFUL",
            "start": 2.7861678004535135,
            "end": 3.4945578231292505,
            "phonemes": [
                [
                    "S",
                    2.7861678004535135,
                    3.005668934240362
                ],
                [
                    "AH0",
                    3.005668934240362,
                    3.0356009070294774
                ],
                [
                    "K",
                    3.0356009070294774,
                    3.0655328798185932
                ],
                [
                    "S",
                    3.0655328798185932,
                    3.195238095238094
                ],
                [
                    "EH1",
                    3.195238095238094,
                    3.2351473922902483
                ],
                [
                    "S",
                    3.2351473922902483,
                    3.364852607709749
                ],
                [
                    "F",
                    3.364852607709749,
                    3.4047619047619033
                ],
                [
                    "AH0",
                    3.4047619047619033,
                    3.4446712018140575
                ],
                [
                    "L",
                    3.4446712018140575,
                    3.4945578231292505
                ]
            ]
        },
        {
            "alignedWord": "BATTLE",
            "start": 3.4945578231292505,
            "end": 4.083219954648524,
            "phonemes": [
                [
                    "B",
                    3.4945578231292505,
                    3.724036281179137
                ],
                [
                    "AE1",
                    3.724036281179137,
                    3.793877551020407
                ],
                [
                    "T",
                    3.793877551020407,
                    3.833786848072561
                ],
                [
                    "AH0",
                    3.833786848072561,
                    3.8637188208616764
                ],
                [
                    "L",
                    3.8637188208616764,
                    4.083219954648524
                ]
            ]
        },
        {
            "alignedWord": "sp",
            "start": 4.083219954648524,
            "end": 4.093197278911563,
            "phonemes": [
                [
                    "sp",
                    4.083219954648524,
                    4.093197278911563
                ]
            ]
        },
        {
            "alignedWord": "WITH",
            "start": 4.093197278911563,
            "end": 4.232879818594103,