{
    "words": [
        {
            "alignedWord": "PLANS",
            "start": 0.0,
            "end": 0.2419501133786848,
            "phonemes": [
                [
                    "P",
                    0.0,
                    0.06235827664399093
                ],
                [
                    "L",
                    0.06235827664399093,
                    0.09229024943310657
                ],
                [
                    "AE1",
                    0.09229024943310657,
                    0.17210884353741496
                ],
                [
                    "N",
                    0.17210884353741496,
                    0.2020408163265306
                ],
                [
                    "Z",
                    0.2020408163265306,
                    0.2419501133786848
                ]
            ]
        },
        {
            "alignedWord": "WERE",
            "start": 0.2419501133786848,
            "end": 0.31179138321995464,
            "phonemes": [
                [
                    "W",
                    0.2419501133786848,
                    0.27188208616780046
                ],
                [
                    "ER0",
                    0.27188208616780046,
                    0.31179138321995464
                ]
            ]
        },
        {
            "alignedWord": "MADE",
            "start": 0.31179138321995464,
            "end": 0.5412698412698413,
            "phonemes": [
                [
                    "M",
                    0.31179138321995464,
                    0.39160997732426306
                ],
                [
                    "EY1",
                    0.39160997732426306,
                    0.4913832199546485
                ],
                [
                    "D",
                    0.4913832199546485,
                    0.5412698412698413
                ]
            ]
        },
        {
            "alignedWord": "FOR",
            "start": 0.5412698412698413,
            "end": 0.6709750566893424,
            "phonemes": [
                [
                    "F",
                    0.5412698412698413,
                    0.6011337868480726
                ],
                [
                    "AO1",
                    0.6011337868480726,
                    0.6410430839002268
                ],
                [
                    "R",
                    0.6410430839002268,
                    0.6709750566893424
                ]
            ]
        },
        {
            "alignedWord": "THE",
            "start": 0.6709750566893424,
            "end": 0.7308390022675736,
            "phonemes": [
                [
                    "DH",
                    0.6709750566893424,
                    0.700907029478458
                ],
                [
                    "AH0",
                    0.700907029478458,
                    0.7308390022675736
                ]
            ]
        },
        {
            "alignedWord": "POPE",
            "start": 0.7308390022675736,
            "end": 0.9702947845804987,
            "phonemes": [
                [
                    "P",
                    0.7308390022675736,
                    0.8405895691609976
                ],
                [
                    "OW1",
                    0.8405895691609976,
                    0.9403628117913831
                ],
                [
                    "P",
                    0.9403628117913831,
                    0.9702947845804987
                ]
            ]
        },
        {
            "alignedWord": "AND",
            "start": 0.9702947845804987,
            "end": 1.1099773242630384,
            "phonemes": [
                [
                    "AH0",
                    0.9702947845804987,
                    1.0002267573696144
                ],
                [
                    "N",
                    1.0002267573696144,
                    1.0800453514739228
                ],
                [
                    "D",
                    1.0800453514739228,
                    1.1099773242630384
                ]
            ]
        },
        {
            "alignedWord": "CITIZENS",
            "start": 1.1099773242630384,
            "end": 1.5689342403628115,
            "phonemes": [
                [
                    "S",
                    1.1099773242630384,
                    1.2197278911564624
                ],
                [
                    "IH1",
                    1.2197278911564624,
                    1.249659863945578
                ],
                [
                    "T",
                    1.249659863945578,
                    1.2895691609977322
                ],
                [
                    "AH0",
                    1.2895691609977322,
                    1.3195011337868479
                ],
                [
                    "Z",
                    1.3195011337868479,
                    1.4292517006802719
                ],
                [
                    "AH0",
                    1.4292517006802719,
                    1.4591836734693875
                ],
                [
                    "N",
                    1.4591836734693875,
                    1.4891156462585031
                ],
                [
                    "Z",
                    1.4891156462585031,
                    1.5689342403628115
                ]
            ]
        },
        {
            "alignedWord": "OF",
            "start": 1.5689342403628115,
            "end": 1.6287981859410428,
            "phonemes": [
                [
                    "AH1",
                    1.5689342403628115,
                    1.5988662131519271
                ],
                [
                    "V",
                    1.5988662131519271,
                    1.6287981859410428
                ]
            ]
        },
        {
            "alignedWord": "ROME",
            "start": 1.6287981859410428,
            "end": 1.888208616780045,
            "phonemes": [
                [
                    "R",
                    1.6287981859410428,
                    1.7485260770975053
                ],
                [
                    "OW1",
                    1.7485260770975053,
                    1.848299319727891
                ],
                [
                    "M",
                    1.848299319727891,
                    1.888208616780045
                ]
            ]
        },
        {
            "alignedWord": "TO",
            "start": 1.888208616780045,
            "end": 2.0877551020408163,
            "phonemes": [
                [
                    "T",
                    1.888208616780045,
                    1.9879818594104306
                ],
                [
                    "UW1",
                    1.9879818594104306,
                    2.0877551020408163
                ]
            ]
        },
        {
            "alignedWord": "EVACUATE",
            "start": 2.0877551020408163,
            "end": 2.6863945578231285,