{
    "words": [
        {
            "alignedWord": "WATERMAN",
            "start": 0.0,
            "end": 0.571201814058957,
            "phonemes": [
                [
                    "W",
                    0.0,
                    0.11224489795918367
                ],
                [
                    "AO1",
                    0.11224489795918367,
                    0.14217687074829932
                ],
                [
                    "T",
                    0.14217687074829932,
                    0.30181405895691604
                ],
                [
                    "ER0",
                    0.30181405895691604,
                    0.3417233560090703
                ],
                [
                    "M",
                    0.3417233560090703,
                    0.40158730158730155
                ],
                [
                    "AH0",
                    0.40158730158730155,
                    0.4714285714285714
                ],
                [
                    "N",
                    0.4714285714285714,
                    0.571201814058957
                ]
            ]
        },
        {
            "alignedWord": "FROM",
            "start": 0.571201814058957,
            "end": 0.7408163265306122,
            "phonemes": [
                [
                    "F",
                    0.571201814058957,
                    0.6310657596371883
                ],
                [
                    "R",
                    0.6310657596371883,
                    0.6809523809523811
                ],
                [
                    "AH1",
                    0.6809523809523811,
                    0.7108843537414966
                ],
                [
                    "M",
                    0.7108843537414966,
                    0.7408163265306122
                ]
            ]
        },
        {
            "alignedWord": "THE",
            "start": 0.7408163265306122,
            "end": 0.8306122448979592,
            "phonemes": [
                [
                    "DH",
                    0.7408163265306122,
                    0.7807256235827664
                ],
                [
                    "AH0",
                    0.7807256235827664,
                    0.8306122448979592
                ]
            ]
        },
        {
            "alignedWord": "EXISTING",
            "start": 0.8306122448979592,
            "end": 1.5489795918367348,
            "phonemes": [
                [
                    "IH0",
                    0.8306122448979592,
                    0.9204081632653062
                ],
                [
                    "G",
                    0.9204081632653062,
                    1.0201814058956917
                ],
                [
                    "Z",
                    1.0201814058956917,
                    1.129931972789116
                ],
                [
                    "IH1",
                    1.129931972789116,
                    1.1798185941043084
                ],
                [
                    "S",
                    1.1798185941043084,
                    1.3594104308390025
                ],
                [
                    "T",
                    1.3594104308390025,
                    1.389342403628118
                ],
                [
                    "IH0",
                    1.389342403628118,
                    1.429251700680272
                ],
                [
                    "NG",
                    1.429251700680272,
                    1.5489795918367348
                ]
            ]
        },
        {
            "alignedWord": "OWNERS",
            "start": 1.5489795918367348,
            "end": 2.107709750566894,
            "phonemes": [
                [
                    "OW1",
                    1.5489795918367348,
                    1.6687074829931974
                ],
                [
                    "N",
                    1.6687074829931974,
                    1.768480725623583
                ],
                [
                    "ER0",
                    1.768480725623583,
                    1.9480725623582769
                ],
                [
                    "Z",
                    1.9480725623582769,
                    2.107709750566894
                ]
            ]
        },
        {
            "alignedWord": "sp",
            "start": 2.107709750566894,
            "end": 2.8882993197278912,
            "phonemes": [
                [
                    "sp",
                    2.107709750566894,
                    2.8882993197278912
                ]
            ]
        }
    ]
}