{
    "words": [
        {
            "alignedWord": "sp",
            "start": 0.0,
            "end": 0.591156462585034,
            "phonemes": [
                [
                    "sp",
                    0.0,
                    0.591156462585034
                ]
            ]
        },
        {
            "alignedWord": "ASEXUAL",
            "start": 0.591156462585034,
            "end": 1.3494331065759637,
            "phonemes": [
                [
                    "EY0",
                    0.591156462585034,
                    0.6609977324263039
                ],
                [
                    "S",
                    0.6609977324263039,
                    0.8405895691609977
                ],
                [
                    "EH1",
                    0.8405895691609977,
                    0.8904761904761905
                ],
                [
                    "K",
                    0.8904761904761905,
                    1.0002267573696146
                ],
                [
                    "S",
                    1.0002267573696146,
                    1.0700680272108845
                ],
                [
                    "Y",
                    1.0700680272108845,
                    1.1
                ],
                [
                    "UW0",
                    1.1,
                    1.1698412698412697
                ],
                [
                    "AH0",
                    1.1698412698412697,
                    1.1997732426303853
                ],
                [
                    "L",
                    1.1997732426303853,
                    1.3494331065759637
                ]
            ]
        },
        {
            "alignedWord": "sp",
            "start": 1.3494331065759637,
            "end": 1.3993197278911562,
            "phonemes": [
                [
                    "sp",
                    1.3494331065759637,
                    1.3993197278911562
                ]
            ]
        },
        {
            "alignedWord": "MEANS",
            "start": 1.3993197278911562,
            "end": 1.7086167800453511,
            "phonemes": [
                [
                    "M",
                    1.3993197278911562,
                    1.499092970521542
                ],
                [
                    "IY1",
                    1.499092970521542,
                    1.5789115646258503
                ],
                [
                    "N",
                    1.5789115646258503,
                    1.6387755102040813
                ],
                [
                    "Z",
                    1.6387755102040813,
                    1.7086167800453511
                ]
            ]
        },
        {
            "alignedWord": "YOU",
            "start": 1.7086167800453511,
            "end": 1.868253968253968,
            "phonemes": [
                [
                    "Y",
                    1.7086167800453511,
                    1.8183673469387753
                ],
                [
                    "UW1",
                    1.8183673469387753,
                    1.868253968253968
                ]
            ]
        },
        {
            "alignedWord": "DONT",
            "start": 1.868253968253968,
            "end": 2.217460317460317,
            "phonemes": [
                [
                    "D",
                    1.868253968253968,
                    1.9680272108843535
                ],
                [
                    "AA1",
                    1.9680272108843535,
                    2.0179138321995462
                ],
                [
                    "N",
                    2.0179138321995462,
                    2.1276643990929704
                ],
                [
                    "T",
                    2.1276643990929704,
                    2.217460317460317
                ]
            ]
        },
        {
            "alignedWord": "FIND",
            "start": 2.217460317460317,
            "end": 2.5068027210884347,
            "phonemes": [
                [
                    "F",
                    2.217460317460317,
                    2.2773242630385484
                ],
                [
                    "AY1",
                    2.2773242630385484,
                    2.387074829931972
                ],
                [
                    "N",
                    2.387074829931972,
                    2.4469387755102034
                ],
                [
                    "D",
                    2.4469387755102034,
                    2.5068027210884347
                ]
            ]
        },
        {
            "alignedWord": "sp",
            "start": 2.5068027210884347,
            "end": 2.556689342403627,
            "phonemes": [
                [
                    "sp",
                    2.5068027210884347,
                    2.556689342403627
                ]
            ]
        },
        {
            "alignedWord": "ANYONE",
            "start": 2.556689342403627,
            "end": 2.955782312925169,
            "phonemes": [
                [
                    "EH1",
                    2.556689342403627,
                    2.6365079365079356
                ],
                [
                    "N",
                    2.6365079365079356,
                    2.6863945578231285
                ],
                [
                    "IY0",
                    2.6863945578231285,
                    2.7662131519274364
                ],
                [
                    "W",
                    2.7662131519274364,
                    2.885941043083899
                ],
                [
                    "AH2",
                    2.885941043083899,
                    2.915873015873015
                ],
                [
                    "N",
                    2.915873015873015,
                    2.955782312925169
                ]
            ]
        },
        {
            "alignedWord": "SEXUALLY",
            "start": 2.955782312925169,
            "end": 3.584353741496597,
            "phonemes": [
                [
                    "S",
                    2.955782312925169,
                    3.135374149659863
                ],
                [
                    "EH1",
                    3.135374149659863,
                    3.1852607709750558
                ],
                [
                    "K",
                    3.1852607709750558,
                    3.245124716553287
                ],
                [
                    "SH",
                    3.245124716553287,
                    3.344897959183672
                ],
                [
                    "UW0",
                    3.344897959183672,
                    3.4047619047619033
                ],
                [
                    "AH0",
                    3.4047619047619033,
                    3.434693877551019
                ],
                [
                    "L",
                    3.434693877551019,
                    3.4746031746031734
                ],
                [
                    "IY0",
                    3.4746031746031734,
                    3.584353741496597
                ]
            ]
        },
        {
            "alignedWord": "ATTRACTIVE",
            "start": 3.584353741496597,
            "end": 4.11315192743764,