{
    "words": [
        {
            "alignedWord": "sp",
            "start": 0.0,
            "end": 0.032426303854875285,
            "phonemes": [
                [
                    "sp",
                    0.0,
                    0.032426303854875285
                ]
            ]
        },
        {
            "alignedWord": "ROBBINS",
            "start": 0.032426303854875285,
            "end": 0.5512471655328799,
            "phonemes": [
                [
                    "R",
                    0.032426303854875285,
                    0.18208616780045356
                ],
                [
                    "AA1",
                    0.18208616780045356,
                    0.2519274376417234
                ],
                [
                    "B",
                    0.2519274376417234,
                    0.31179138321995464
                ],
                [
                    "IH0",
                    0.31179138321995464,
                    0.34172335600907033
                ],
                [
                    "N",
                    0.34172335600907033,
                    0.46145124716553293
                ],
                [
                    "Z",
                    0.46145124716553293,
                    0.5512471655328799
                ]
            ]
        },
        {
            "alignedWord": "WAS",
            "start": 0.5512471655328799,
            "end": 0.7009070294784581,
            "phonemes": [
                [
                    "W",
                    0.5512471655328799,
                    0.6011337868480726
                ],
                [
                    "AA1",
                    0.6011337868480726,
                    0.6310657596371883
                ],
                [
                    "Z",
                    0.6310657596371883,
                    0.7009070294784581
                ]
            ]
        },
        {
            "alignedWord": "BORN",
            "start": 0.7009070294784581,
            "end": 0.9902494331065761,
            "phonemes": [
                [
                    "B",
                    0.7009070294784581,
                    0.770748299319728
                ],
                [
                    "AO1",
                    0.770748299319728,
                    0.9104308390022677
                ],
                [
                    "R",
                    0.9104308390022677,
                    0.9603174603174605
                ],
                [
                    "N",
                    0.9603174603174605,
                    0.9902494331065761
                ]
            ]
        },
        {
            "alignedWord": "IN",
            "start": 0.9902494331065761,
            "end": 1.0900226757369615,
            "phonemes": [
                [
                    "IH0",
                    0.9902494331065761,
                    1.0201814058956917
                ],
                [
                    "N",
                    1.0201814058956917,
                    1.0900226757369615
                ]
            ]
        },
        {
            "alignedWord": "GLENDALE",
            "start": 1.0900226757369615,
            "end": 1.8482993197278914,
            "phonemes": [
                [
                    "G",
                    1.0900226757369615,
                    1.209750566893424
                ],
                [
                    "L",
                    1.209750566893424,
                    1.3195011337868483
                ],
                [
                    "EH1",
                    1.3195011337868483,
                    1.369387755102041
                ],
                [
                    "N",
                    1.369387755102041,
                    1.4891156462585036
                ],
                [
                    "D",
                    1.4891156462585036,
                    1.5390022675736963
                ],
                [
                    "EY2",
                    1.5390022675736963,
                    1.6687074829931974
                ],
                [
                    "L",
                    1.6687074829931974,
                    1.8482993197278914
                ]
            ]
        },
        {
            "alignedWord": "sp",
            "start": 1.8482993197278914,
            "end": 2.2473922902494334,
            "phonemes": [
                [
                    "sp",
                    1.8482993197278914,
                    2.2473922902494334
                ]
            ]
        },
        {
            "alignedWord": "A",
            "start": 2.2473922902494334,
            "end": 2.277324263038549,
            "phonemes": [
                [
                    "AH0",
                    2.2473922902494334,
                    2.277324263038549
                ]
            ]
        },
        {
            "alignedWord": "SUBURB",
            "start": 2.277324263038549,
            "end": 2.8160997732426303,
            "phonemes": [
                [
                    "S",
                    2.277324263038549,
                    2.4968253968253973
                ],
                [
                    "AH1",
                    2.4968253968253973,
                    2.54671201814059
                ],
                [
                    "B",
                    2.54671201814059,
                    2.6165532879818594
                ],
                [
                    "ER0",
                    2.6165532879818594,
                    2.716326530612245
                ],
                [
                    "B",
                    2.716326530612245,
                    2.8160997732426303
                ]
            ]
        },
        {
            "alignedWord": "OF",
            "start": 2.8160997732426303,
            "end": 2.8759637188208615,
            "phonemes": [
                [
                    "AH1",
                    2.8160997732426303,
                    2.8460317460317457
                ],
                [
                    "V",
                    2.8460317460317457,
                    2.8759637188208615
                ]
            ]
        },
        {
            "alignedWord": "sp",
            "start": 2.8759637188208615,
            "end": 3.0056689342403624,
            "phonemes": [
                [
                    "sp",
                    2.8759637188208615,
                    3.0056689342403624
                ]
            ]
        },
        {
            "alignedWord": "PHOENIX",
            "start": 3.0056689342403624,
            "end": 3.5943310657596363,
            "phonemes": [
                [
                    "F",
                    3.0056689342403624,
                    3.035600907029478
                ],
                [
                    "IY1",
                    3.035600907029478,
                    3.165306122448979
                ],
                [
                    "N",
                    3.165306122448979,
                    3.2052154195011333
                ],
                [
                    "IH0",
                    3.2052154195011333,
                    3.275056689342403
                ],
                [
                    "K",
                    3.275056689342403,
                    3.3548752834467113
                ],
                [
                    "S",
                    3.3548752834467113,
                    3.5943310657596363
                ]
            ]
        },
        {
            "alignedWord": "IN",
            "start": 3.5943310657596363,
            "end": 3.7839002267573685,