{
    "words": [
        {
            "alignedWord": "THE",
            "start": 0.0,
            "end": 0.12222222222222222,
            "phonemes": [
                [
                    "DH",
                    0.0,
                    0.09229024943310657
                ],
                [
                    "AH0",
                    0.09229024943310657,
                    0.12222222222222222
                ]
            ]
        },
        {
            "alignedWord": "FORMER",
            "start": 0.12222222222222222,
            "end": 0.5612244897959184,
            "phonemes": [
                [
                    "F",
                    0.12222222222222222,
                    0.2419501133786848
                ],
                [
                    "AO1",
                    0.2419501133786848,
                    0.41156462585034015
                ],
                [
                    "R",
                    0.41156462585034015,
                    0.4414965986394558
                ],
                [
                    "M",
                    0.4414965986394558,
                    0.5312925170068028
                ],
                [
                    "ER0",
                    0.5312925170068028,
                    0.5612244897959184
                ]
            ]
        },
        {
            "alignedWord": "MILL",
            "start": 0.5612244897959184,
            "end": 0.8804988662131519,
            "phonemes": [
                [
                    "M",
                    0.5612244897959184,
                    0.6909297052154195
                ],
                [
                    "IH1",
                    0.6909297052154195,
                    0.7308390022675736
                ],
                [
                    "L",
                    0.7308390022675736,
                    0.8804988662131519
                ]
            ]
        },
        {
            "alignedWord": "POND",
            "start": 0.8804988662131519,
            "end": 1.2995464852607708,
            "phonemes": [
                [
                    "P",
                    0.8804988662131519,
                    1.0002267573696144
                ],
                [
                    "AA1",
                    1.0002267573696144,
                    1.1997732426303853
                ],
                [
                    "N",
                    1.1997732426303853,
                    1.2596371882086166
                ],
                [
                    "D",
                    1.2596371882086166,
                    1.2995464852607708
                ]
            ]
        },
        {
            "alignedWord": "IS",
            "start": 1.2995464852607708,
            "end": 1.4392290249433104,
            "phonemes": [
                [
                    "IH1",
                    1.2995464852607708,
                    1.3294784580498864
                ],
                [
                    "Z",
                    1.3294784580498864,
                    1.4392290249433104
                ]
            ]
        },
        {
            "alignedWord": "NOW",
            "start": 1.4392290249433104,
            "end": 1.628798185941043,
            "phonemes": [
                [
                    "N",
                    1.4392290249433104,
                    1.4990929705215417
                ],
                [
                    "AW1",
                    1.4990929705215417,
                    1.628798185941043
                ]
            ]
        },
        {
            "alignedWord": "PART",
            "start": 1.628798185941043,
            "end": 1.9780045351473918,
            "phonemes": [
                [
                    "P",
                    1.628798185941043,
                    1.8183673469387753
                ],
                [
                    "AA1",
                    1.8183673469387753,
                    1.8981859410430835
                ],
                [
                    "R",
                    1.8981859410430835,
                    1.928117913832199
                ],
                [
                    "T",
                    1.928117913832199,
                    1.9780045351473918
                ]
            ]
        },
        {
            "alignedWord": "OF",
            "start": 1.9780045351473918,
            "end": 2.0578231292517,
            "phonemes": [
                [
                    "AH1",
                    1.9780045351473918,
                    2.0079365079365075
                ],
                [
                    "V",
                    2.0079365079365075,
                    2.0578231292517
                ]
            ]
        },
        {
            "alignedWord": "A",
            "start": 2.0578231292517,
            "end": 2.1376417233560083,
            "phonemes": [
                [
                    "AH0",
                    2.0578231292517,
                    2.1376417233560083
                ]
            ]
        },
        {
            "alignedWord": "CONCRETE",
            "start": 2.1376417233560083,
            "end": 2.706349206349205,
            "phonemes": [
                [
                    "K",
                    2.1376417233560083,
                    2.257369614512471
                ],
                [
                    "AH0",
                    2.257369614512471,
                    2.2873015873015863
                ],
                [
                    "N",
                    2.2873015873015863,
                    2.446938775510203
                ],
                [
                    "K",
                    2.446938775510203,
                    2.496825396825396
                ],
                [
                    "R",
                    2.496825396825396,
                    2.5467120181405885
                ],
                [
                    "IY1",
                    2.5467120181405885,
                    2.6564625850340122
                ],
                [
                    "T",
                    2.6564625850340122,
                    2.706349206349205
                ]
            ]
        },
        {
            "alignedWord": "PLANT",
            "start": 2.706349206349205,
            "end": 3.115419501133785,
            "phonemes": [
                [
                    "P",
                    2.706349206349205,
                    2.796145124716552
                ],
                [
                    "L",
                    2.796145124716552,
                    2.87596371882086
                ],
                [
                    "AE1",
                    2.87596371882086,
                    3.0156462585033994
                ],
                [
                    "N",
                    3.0156462585033994,
                    3.0854875283446694
                ],
                [
                    "T",
                    3.0854875283446694,
                    3.115419501133785
                ]
            ]
        },
        {
            "alignedWord": "sp",
            "start": 3.115419501133785,
            "end": 3.1743310657596373,
            "phonemes": [
                [
                    "sp",
                    3.115419501133785,
                    3.1743310657596373
                ]
            ]
        }
    ]
}