{
    "words": [
        {
            "alignedWord": "DURING",
            "start": 0.0,
            "end": 0.3716553287981859,
            "phonemes": [
                [
                    "D",
                    0.0,
                    0.04240362811791383
                ],
                [
                    "UH1",
                    0.04240362811791383,
                    0.09229024943310657
                ],
                [
                    "R",
                    0.09229024943310657,
                    0.1820861678004535
                ],
                [
                    "IH0",
                    0.1820861678004535,
                    0.22199546485260768
                ],
                [
                    "NG",
                    0.22199546485260768,
                    0.3716553287981859
                ]
            ]
        },
        {
            "alignedWord": "THE",
            "start": 0.3716553287981859,
            "end": 0.4414965986394558,
            "phonemes": [
                [
                    "DH",
                    0.3716553287981859,
                    0.4015873015873016
                ],
                [
                    "AH0",
                    0.4015873015873016,
                    0.4414965986394558
                ]
            ]
        },
        {
            "alignedWord": "LAST",
            "start": 0.4414965986394558,
            "end": 0.8206349206349207,
            "phonemes": [
                [
                    "L",
                    0.4414965986394558,
                    0.5811791383219954
                ],
                [
                    "AE1",
                    0.5811791383219954,
                    0.7108843537414966
                ],
                [
                    "S",
                    0.7108843537414966,
                    0.7907029478458051
                ],
                [
                    "T",
                    0.7907029478458051,
                    0.8206349206349207
                ]
            ]
        },
        {
            "alignedWord": "CENTURY",
            "start": 0.8206349206349207,
            "end": 1.5090702947845802,
            "phonemes": [
                [
                    "S",
                    0.8206349206349207,
                    0.9303854875283447
                ],
                [
                    "EH1",
                    0.9303854875283447,
                    1.010204081632653
                ],
                [
                    "N",
                    1.010204081632653,
                    1.0900226757369613
                ],
                [
                    "CH",
                    1.0900226757369613,
                    1.229705215419501
                ],
                [
                    "ER0",
                    1.229705215419501,
                    1.2596371882086166
                ],
                [
                    "IY0",
                    1.2596371882086166,
                    1.5090702947845802
                ]
            ]
        },
        {
            "alignedWord": "EXTENSIONS",
            "start": 1.5090702947845802,
            "end": 2.3471655328798176,
            "phonemes": [
                [
                    "IH0",
                    1.5090702947845802,
                    1.5489795918367344
                ],
                [
                    "K",
                    1.5489795918367344,
                    1.6587301587301584
                ],
                [
                    "S",
                    1.6587301587301584,
                    1.8283446712018139
                ],
                [
                    "T",
                    1.8283446712018139,
                    1.8582766439909295
                ],
                [
                    "EH1",
                    1.8582766439909295,
                    1.8981859410430835
                ],
                [
                    "N",
                    1.8981859410430835,
                    1.9680272108843533
                ],
                [
                    "SH",
                    1.9680272108843533,
                    2.107709750566893
                ],
                [
                    "AH0",
                    2.107709750566893,
                    2.1376417233560083
                ],
                [
                    "N",
                    2.1376417233560083,
                    2.2374149659863938
                ],
                [
                    "Z",
                    2.2374149659863938,
                    2.3471655328798176
                ]
            ]
        },
        {
            "alignedWord": "AND",
            "start": 2.3471655328798176,
            "end": 2.5666666666666655,
            "phonemes": [
                [
                    "AH0",
                    2.3471655328798176,
                    2.3770975056689334
                ],
                [
                    "N",
                    2.3770975056689334,
                    2.486848072562357
                ],
                [
                    "D",
                    2.486848072562357,
                    2.5666666666666655
                ]
            ]
        },
        {
            "alignedWord": "sp",
            "start": 2.5666666666666655,
            "end": 2.576643990929704,
            "phonemes": [
                [
                    "sp",
                    2.5666666666666655,
                    2.576643990929704
                ]
            ]
        },
        {
            "alignedWord": "ADDITIONS",
            "start": 2.576643990929704,
            "end": 3.155328798185939,
            "phonemes": [
                [
                    "AH0",
                    2.576643990929704,
                    2.6065759637188197
                ],
                [
                    "D",
                    2.6065759637188197,
                    2.706349206349205
                ],
                [
                    "IH1",
                    2.706349206349205,
                    2.786167800453513
                ],
                [
                    "SH",
                    2.786167800453513,
                    2.94580498866213
                ],
                [
                    "AH0",
                    2.94580498866213,
                    2.985714285714284
                ],
                [
                    "N",
                    2.985714285714284,
                    3.0755102040816307
                ],
                [
                    "Z",
                    3.0755102040816307,
                    3.155328798185939
                ]
            ]
        },
        {
            "alignedWord": "TO",
            "start": 3.155328798185939,
            "end": 3.304988662131517,
            "phonemes": [
                [
                    "T",
                    3.155328798185939,
                    3.2351473922902474
                ],
                [
                    "UW1",
                    3.2351473922902474,
                    3.304988662131517
                ]
            ]
        },
        {
            "alignedWord": "THE",
            "start": 3.304988662131517,
            "end": 3.374829931972787,
            "phonemes": [
                [
                    "DH",
                    3.304988662131517,
                    3.334920634920633
                ],
                [
                    "AH0",
                    3.334920634920633,
                    3.374829931972787
                ]
            ]
        },
        {
            "alignedWord": "SCHOOL",
            "start": 3.374829931972787,
            "end": 3.813832199546483,