{
    "words": [
        {
            "alignedWord": "OPENING",
            "start": 0.0,
            "end": 0.3616780045351473,
            "phonemes": [
                [
                    "OW1",
                    0.0,
                    0.12222222222222222
                ],
                [
                    "P",
                    0.12222222222222222,
                    0.15215419501133787
                ],
                [
                    "AH0",
                    0.15215419501133787,
                    0.1820861678004535
                ],
                [
                    "N",
                    0.1820861678004535,
                    0.21201814058956914
                ],
                [
                    "IH0",
                    0.21201814058956914,
                    0.24195011337868477
                ],
                [
                    "NG",
                    0.24195011337868477,
                    0.3616780045351473
                ]
            ]
        },
        {
            "alignedWord": "THE",
            "start": 0.3616780045351473,
            "end": 0.42154195011337864,
            "phonemes": [
                [
                    "DH",
                    0.3616780045351473,
                    0.391609977324263
                ],
                [
                    "AH0",
                    0.391609977324263,
                    0.42154195011337864
                ]
            ]
        },
        {
            "alignedWord": "SOURCE",
            "start": 0.42154195011337864,
            "end": 0.700907029478458,
            "phonemes": [
                [
                    "S",
                    0.42154195011337864,
                    0.501360544217687
                ],
                [
                    "AO1",
                    0.501360544217687,
                    0.6310657596371883
                ],
                [
                    "R",
                    0.6310657596371883,
                    0.6609977324263039
                ],
                [
                    "S",
                    0.6609977324263039,
                    0.700907029478458
                ]
            ]
        },
        {
            "alignedWord": "CODE",
            "start": 0.700907029478458,
            "end": 1.1598639455782311,
            "phonemes": [
                [
                    "K",
                    0.700907029478458,
                    0.7507936507936508
                ],
                [
                    "OW1",
                    0.7507936507936508,
                    0.9403628117913833
                ],
                [
                    "D",
                    0.9403628117913833,
                    1.1598639455782311
                ]
            ]
        },
        {
            "alignedWord": "CAN",
            "start": 1.1598639455782311,
            "end": 1.4292517006802719,
            "phonemes": [
                [
                    "K",
                    1.1598639455782311,
                    1.2396825396825395
                ],
                [
                    "AE1",
                    1.2396825396825395,
                    1.3793650793650793
                ],
                [
                    "N",
                    1.3793650793650793,
                    1.4292517006802719
                ]
            ]
        },
        {
            "alignedWord": "BE",
            "start": 1.4292517006802719,
            "end": 1.5290249433106573,
            "phonemes": [
                [
                    "B",
                    1.4292517006802719,
                    1.4591836734693875
                ],
                [
                    "IY1",
                    1.4591836734693875,
                    1.5290249433106573
                ]
            ]
        },
        {
            "alignedWord": "A",
            "start": 1.5290249433106573,
            "end": 1.558956916099773,
            "phonemes": [
                [
                    "AH0",
                    1.5290249433106573,
                    1.558956916099773
                ]
            ]
        },
        {
            "alignedWord": "MEASURE",
            "start": 1.558956916099773,
            "end": 1.9979591836734687,
            "phonemes": [
                [
                    "M",
                    1.558956916099773,
                    1.6287981859410428
                ],
                [
                    "EH1",
                    1.6287981859410428,
                    1.708616780045351
                ],
                [
                    "ZH",
                    1.708616780045351,
                    1.7684807256235822
                ],
                [
                    "ER0",
                    1.7684807256235822,
                    1.9979591836734687
                ]
            ]
        },
        {
            "alignedWord": "TO",
            "start": 1.9979591836734687,
            "end": 2.147619047619047,
            "phonemes": [
                [
                    "T",
                    1.9979591836734687,
                    2.0578231292517
                ],
                [
                    "UW1",
                    2.0578231292517,
                    2.147619047619047
                ]
            ]
        },
        {
            "alignedWord": "sp",
            "start": 2.147619047619047,
            "end": 2.347165532879818,
            "phonemes": [
                [
                    "sp",
                    2.147619047619047,
                    2.347165532879818
                ]
            ]
        },
        {
            "alignedWord": "CREATE",
            "start": 2.347165532879818,
            "end": 2.786167800453514,
            "phonemes": [
                [
                    "K",
                    2.347165532879818,
                    2.377097505668934
                ],
                [
                    "R",
                    2.377097505668934,
                    2.5766439909297048
                ],
                [
                    "IY0",
                    2.5766439909297048,
                    2.636507936507936
                ],
                [
                    "EY1",
                    2.636507936507936,
                    2.7562358276643986
                ],
                [
                    "T",
                    2.7562358276643986,
                    2.786167800453514
                ]
            ]
        },
        {
            "alignedWord": "TRUST",
            "start": 2.786167800453514,
            "end": 3.15532879818594,
            "phonemes": [
                [
                    "T",
                    2.786167800453514,
                    2.8659863945578223
                ],
                [
                    "R",
                    2.8659863945578223,
                    2.9158730158730153
                ],
                [
                    "AH1",
                    2.9158730158730153,
                    3.005668934240362
                ],
                [
                    "S",
                    3.005668934240362,
                    3.0854875283446703
                ],
                [
                    "T",
                    3.0854875283446703,
                    3.15532879818594
                ]
            ]
        },
        {
            "alignedWord": "IN",
            "start": 3.15532879818594,
            "end": 3.304988662131518,
            "phonemes": [
                [
                    "IH0",
                    3.15532879818594,
                    3.245124716553287
                ],
                [
                    "N",
                    3.245124716553287,
                    3.304988662131518
                ]
            ]
        },
        {
            "alignedWord": "SOFTWARE",
            "start": 3.304988662131518,