{
    "words": [
        {
            "alignedWord": "sp",
            "start": 0.0,
            "end": 0.2918367346938776,
            "phonemes": [
                [
                    "sp",
                    0.0,
                    0.2918367346938776
                ]
            ]
        },
        {
            "alignedWord": "THE",
            "start": 0.2918367346938776,
            "end": 0.5113378684807257,
            "phonemes": [
                [
                    "DH",
                    0.2918367346938776,
                    0.43151927437641724
                ],
                [
                    "AH0",
                    0.43151927437641724,
                    0.5113378684807257
                ]
            ]
        },
        {
            "alignedWord": "PACKAGING",
            "start": 0.5113378684807257,
            "end": 1.0700680272108845,
            "phonemes": [
                [
                    "P",
                    0.5113378684807257,
                    0.5712018140589571
                ],
                [
                    "AE1",
                    0.5712018140589571,
                    0.6310657596371884
                ],
                [
                    "K",
                    0.6310657596371884,
                    0.7308390022675738
                ],
                [
                    "IH0",
                    0.7308390022675738,
                    0.770748299319728
                ],
                [
                    "JH",
                    0.770748299319728,
                    0.880498866213152
                ],
                [
                    "IH0",
                    0.880498866213152,
                    0.9503401360544218
                ],
                [
                    "NG",
                    0.9503401360544218,
                    1.0700680272108845
                ]
            ]
        },
        {
            "alignedWord": "WAS",
            "start": 1.0700680272108845,
            "end": 1.2596371882086168,
            "phonemes": [
                [
                    "W",
                    1.0700680272108845,
                    1.1
                ],
                [
                    "AA1",
                    1.1,
                    1.139909297052154
                ],
                [
                    "Z",
                    1.139909297052154,
                    1.2596371882086168
                ]
            ]
        },
        {
            "alignedWord": "DONE",
            "start": 1.2596371882086168,
            "end": 1.6188208616780047,
            "phonemes": [
                [
                    "D",
                    1.2596371882086168,
                    1.3095238095238095
                ],
                [
                    "AH1",
                    1.3095238095238095,
                    1.4192743764172335
                ],
                [
                    "N",
                    1.4192743764172335,
                    1.6188208616780047
                ]
            ]
        },
        {
            "alignedWord": "WITH",
            "start": 1.6188208616780047,
            "end": 1.8582766439909297,
            "phonemes": [
                [
                    "W",
                    1.6188208616780047,
                    1.7684807256235828
                ],
                [
                    "IH1",
                    1.7684807256235828,
                    1.808390022675737
                ],
                [
                    "DH",
                    1.808390022675737,
                    1.8582766439909297
                ]
            ]
        },
        {
            "alignedWord": "AN",
            "start": 1.8582766439909297,
            "end": 1.9979591836734691,
            "phonemes": [
                [
                    "AE1",
                    1.8582766439909297,
                    1.9081632653061222
                ],
                [
                    "N",
                    1.9081632653061222,
                    1.9979591836734691
                ]
            ]
        },
        {
            "alignedWord": "OLD",
            "start": 1.9979591836734691,
            "end": 2.327210884353741,
            "phonemes": [
                [
                    "OW1",
                    1.9979591836734691,
                    2.1875283446712017
                ],
                [
                    "L",
                    2.1875283446712017,
                    2.2972789115646255
                ],
                [
                    "D",
                    2.2972789115646255,
                    2.327210884353741
                ]
            ]
        },
        {
            "alignedWord": "FASHIONED",
            "start": 2.327210884353741,
            "end": 2.8160997732426294,
            "phonemes": [
                [
                    "F",
                    2.327210884353741,
                    2.436961451247165
                ],
                [
                    "AE1",
                    2.436961451247165,
                    2.4968253968253964
                ],
                [
                    "SH",
                    2.4968253968253964,
                    2.6464852607709743
                ],
                [
                    "AH0",
                    2.6464852607709743,
                    2.6764172335600898
                ],
                [
                    "N",
                    2.6764172335600898,
                    2.756235827664398
                ],
                [
                    "D",
                    2.756235827664398,
                    2.8160997732426294
                ]
            ]
        },
        {
            "alignedWord": "HEIDELBERG",
            "start": 2.8160997732426294,
            "end": 3.8637188208616764,
            "phonemes": [
                [
                    "HH",
                    2.8160997732426294,
                    3.0655328798185932
                ],
                [
                    "AY1",
                    3.0655328798185932,
                    3.1852607709750558
                ],
                [
                    "D",
                    3.1852607709750558,
                    3.245124716553287
                ],
                [
                    "AH0",
                    3.245124716553287,
                    3.2750566893424025
                ],
                [
                    "L",
                    3.2750566893424025,
                    3.364852607709749
                ],
                [
                    "B",
                    3.364852607709749,
                    3.4945578231292505
                ],
                [
                    "ER0",
                    3.4945578231292505,
                    3.674149659863944
                ],
                [
                    "G",
                    3.674149659863944,
                    3.8637188208616764
                ]
            ]
        },
        {
            "alignedWord": "CYLINDER",
            "start": 3.8637188208616764,
            "end": 4.362585034013605,