{
    "words": [
        {
            "alignedWord": "SOMETHING",
            "start": 0.0,
            "end": 0.4913832199546485,
            "phonemes": [
                [
                    "S",
                    0.0,
                    0.1521541950113379
                ],
                [
                    "AH1",
                    0.1521541950113379,
                    0.20204081632653062
                ],
                [
                    "M",
                    0.20204081632653062,
                    0.3018140589569161
                ],
                [
                    "TH",
                    0.3018140589569161,
                    0.3816326530612245
                ],
                [
                    "IH0",
                    0.3816326530612245,
                    0.4414965986394558
                ],
                [
                    "NG",
                    0.4414965986394558,
                    0.4913832199546485
                ]
            ]
        },
        {
            "alignedWord": "SMELLS",
            "start": 0.4913832199546485,
            "end": 0.9204081632653063,
            "phonemes": [
                [
                    "S",
                    0.4913832199546485,
                    0.6410430839002268
                ],
                [
                    "M",
                    0.6410430839002268,
                    0.7009070294784581
                ],
                [
                    "EH1",
                    0.7009070294784581,
                    0.7507936507936509
                ],
                [
                    "L",
                    0.7507936507936509,
                    0.8605442176870749
                ],
                [
                    "Z",
                    0.8605442176870749,
                    0.9204081632653063
                ]
            ]
        },
        {
            "alignedWord": "AROUND",
            "start": 0.9204081632653063,
            "end": 1.3294784580498866,
            "phonemes": [
                [
                    "ER0",
                    0.9204081632653063,
                    1.0501133786848074
                ],
                [
                    "AW1",
                    1.0501133786848074,
                    1.2496598639455783
                ],
                [
                    "N",
                    1.2496598639455783,
                    1.299546485260771
                ],
                [
                    "D",
                    1.299546485260771,
                    1.3294784580498866
                ]
            ]
        },
        {
            "alignedWord": "HERE",
            "start": 1.3294784580498866,
            "end": 1.7485260770975057,
            "phonemes": [
                [
                    "HH",
                    1.3294784580498866,
                    1.519047619047619
                ],
                [
                    "IY1",
                    1.519047619047619,
                    1.6287981859410432
                ],
                [
                    "R",
                    1.6287981859410432,
                    1.7485260770975057
                ]
            ]
        },
        {
            "alignedWord": "sp",
            "start": 1.7485260770975057,
            "end": 4.757868480725624,
            "phonemes": [
                [
                    "sp",
                    1.7485260770975057,
                    4.757868480725624
                ]
            ]
        }
    ]
}