{
    "words": [
        {
            "alignedWord": "THEIR",
            "start": 0.0,
            "end": 0.1621315192743764,
            "phonemes": [
                [
                    "DH",
                    0.0,
                    0.04240362811791383
                ],
                [
                    "EH1",
                    0.04240362811791383,
                    0.13219954648526078
                ],
                [
                    "R",
                    0.13219954648526078,
                    0.1621315192743764
                ]
            ]
        },
        {
            "alignedWord": "PAY",
            "start": 0.1621315192743764,
            "end": 0.5512471655328799,
            "phonemes": [
                [
                    "P",
                    0.1621315192743764,
                    0.31179138321995464
                ],
                [
                    "EY1",
                    0.31179138321995464,
                    0.5512471655328799
                ]
            ]
        },
        {
            "alignedWord": "IS",
            "start": 0.5512471655328799,
            "end": 0.7707482993197279,
            "phonemes": [
                [
                    "IH1",
                    0.5512471655328799,
                    0.6410430839002268
                ],
                [
                    "Z",
                    0.6410430839002268,
                    0.7707482993197279
                ]
            ]
        },
        {
            "alignedWord": "CONSIDERED",
            "start": 0.7707482993197279,
            "end": 1.339455782312925,
            "phonemes": [
                [
                    "K",
                    0.7707482993197279,
                    0.8804988662131519
                ],
                [
                    "AH0",
                    0.8804988662131519,
                    0.9204081632653061
                ],
                [
                    "N",
                    0.9204081632653061,
                    0.9503401360544216
                ],
                [
                    "S",
                    0.9503401360544216,
                    1.0800453514739228
                ],
                [
                    "IH1",
                    1.0800453514739228,
                    1.159863945578231
                ],
                [
                    "D",
                    1.159863945578231,
                    1.2097505668934236
                ],
                [
                    "ER0",
                    1.2097505668934236,
                    1.3095238095238093
                ],
                [
                    "D",
                    1.3095238095238093,
                    1.339455782312925
                ]
            ]
        },
        {
            "alignedWord": "TO",
            "start": 1.339455782312925,
            "end": 1.6188208616780042,
            "phonemes": [
                [
                    "T",
                    1.339455782312925,
                    1.5390022675736958
                ],
                [
                    "UW1",
                    1.5390022675736958,
                    1.6188208616780042
                ]
            ]
        },
        {
            "alignedWord": "HAVE",
            "start": 1.6188208616780042,
            "end": 1.838321995464852,
            "phonemes": [
                [
                    "HH",
                    1.6188208616780042,
                    1.6986394557823123
                ],
                [
                    "AE1",
                    1.6986394557823123,
                    1.7684807256235822
                ],
                [
                    "V",
                    1.7684807256235822,
                    1.838321995464852
                ]
            ]
        },
        {
            "alignedWord": "sp",
            "start": 1.838321995464852,
            "end": 1.898185941043083,
            "phonemes": [
                [
                    "sp",
                    1.838321995464852,
                    1.898185941043083
                ]
            ]
        },
        {
            "alignedWord": "BEEN",
            "start": 1.898185941043083,
            "end": 2.197505668934239,
            "phonemes": [
                [
                    "B",
                    1.898185941043083,
                    1.9580498866213143
                ],
                [
                    "IH1",
                    1.9580498866213143,
                    2.0378684807256224
                ],
                [
                    "N",
                    2.0378684807256224,
                    2.197505668934239
                ]
            ]
        },
        {
            "alignedWord": "sp",
            "start": 2.197505668934239,
            "end": 2.2573696145124704,
            "phonemes": [
                [
                    "sp",
                    2.197505668934239,
                    2.2573696145124704
                ]
            ]
        },
        {
            "alignedWord": "SURPRISINGLY",
            "start": 2.2573696145124704,
            "end": 3.185260770975055,
            "phonemes": [
                [
                    "S",
                    2.2573696145124704,
                    2.486848072562357
                ],
                [
                    "ER0",
                    2.486848072562357,
                    2.5167800453514726
                ],
                [
                    "P",
                    2.5167800453514726,
                    2.616553287981858
                ],
                [
                    "R",
                    2.616553287981858,
                    2.666439909297051
                ],
                [
                    "AY1",
                    2.666439909297051,
                    2.7761904761904748
                ],
                [
                    "Z",
                    2.7761904761904748,
                    2.8959183673469373
                ],
                [
                    "IH0",
                    2.8959183673469373,
                    2.9258503401360527
                ],
                [
                    "NG",
                    2.9258503401360527,
                    3.005668934240361
                ],
                [
                    "L",
                    3.005668934240361,
                    3.0356009070294765
                ],
                [
                    "IY0",
                    3.0356009070294765,
                    3.185260770975055
                ]
            ]
        },
        {
            "alignedWord": "LOW",
            "start": 3.185260770975055,
            "end": 3.5045351473922883,
            "phonemes": [
                [
                    "L",
                    3.185260770975055,
                    3.28503401360544
                ],
                [
                    "OW1",
                    3.28503401360544,
                    3.5045351473922883
                ]
            ]
        },
        {
            "alignedWord": "sp",
            "start": 3.5045351473922883,
            "end": 4.415873015873016,
            "phonemes": [
                [
                    "sp",
                    3.5045351473922883,
                    4.415873015873016
                ]
            ]
        }
    ]
}