{
    "words": [
        {
            "alignedWord": "sp",
            "start": 0.0,
            "end": 0.4614512471655329,
            "phonemes": [
                [
                    "sp",
                    0.0,
                    0.4614512471655329
                ]
            ]
        },
        {
            "alignedWord": "I",
            "start": 0.4614512471655329,
            "end": 0.6011337868480725,
            "phonemes": [
                [
                    "AY1",
                    0.4614512471655329,
                    0.6011337868480725
                ]
            ]
        },
        {
            "alignedWord": "WAS",
            "start": 0.6011337868480725,
            "end": 0.7807256235827664,
            "phonemes": [
                [
                    "W",
                    0.6011337868480725,
                    0.6510204081632653
                ],
                [
                    "AA1",
                    0.6510204081632653,
                    0.680952380952381
                ],
                [
                    "Z",
                    0.680952380952381,
                    0.7807256235827664
                ]
            ]
        },
        {
            "alignedWord": "COMPLETELY",
            "start": 0.7807256235827664,
            "end": 1.419274376417233,
            "phonemes": [
                [
                    "K",
                    0.7807256235827664,
                    0.8405895691609977
                ],
                [
                    "AH0",
                    0.8405895691609977,
                    0.8705215419501133
                ],
                [
                    "M",
                    0.8705215419501133,
                    1.0002267573696144
                ],
                [
                    "P",
                    1.0002267573696144,
                    1.0700680272108842
                ],
                [
                    "L",
                    1.0700680272108842,
                    1.1099773242630384
                ],
                [
                    "IY1",
                    1.1099773242630384,
                    1.2197278911564624
                ],
                [
                    "T",
                    1.2197278911564624,
                    1.2995464852607708
                ],
                [
                    "L",
                    1.2995464852607708,
                    1.3294784580498864
                ],
                [
                    "IY0",
                    1.3294784580498864,
                    1.419274376417233
                ]
            ]
        },
        {
            "alignedWord": "TAKEN",
            "start": 1.419274376417233,
            "end": 1.8582766439909293,
            "phonemes": [
                [
                    "T",
                    1.419274376417233,
                    1.5689342403628115
                ],
                [
                    "EY1",
                    1.5689342403628115,
                    1.6786848072562355
                ],
                [
                    "K",
                    1.6786848072562355,
                    1.7585034013605438
                ],
                [
                    "AH0",
                    1.7585034013605438,
                    1.7884353741496595
                ],
                [
                    "N",
                    1.7884353741496595,
                    1.8582766439909293
                ]
            ]
        },
        {
            "alignedWord": "BY",
            "start": 1.8582766439909293,
            "end": 2.0578231292517,
            "phonemes": [
                [
                    "B",
                    1.8582766439909293,
                    1.9181405895691603
                ],
                [
                    "AY1",
                    1.9181405895691603,
                    2.0578231292517
                ]
            ]
        },
        {
            "alignedWord": "SURPRISE",
            "start": 2.0578231292517,
            "end": 2.865986394557822,
            "phonemes": [
                [
                    "S",
                    2.0578231292517,
                    2.2174603174603167
                ],
                [
                    "ER0",
                    2.2174603174603167,
                    2.257369614512471
                ],
                [
                    "P",
                    2.257369614512471,
                    2.3970521541950105
                ],
                [
                    "R",
                    2.3970521541950105,
                    2.46689342403628
                ],
                [
                    "AY1",
                    2.46689342403628,
                    2.74625850340136
                ],
                [
                    "Z",
                    2.74625850340136,
                    2.865986394557822
                ]
            ]
        },
        {
            "alignedWord": "sp",
            "start": 2.865986394557822,
            "end": 2.987437641723356,
            "phonemes": [
                [
                    "sp",
                    2.865986394557822,
                    2.987437641723356
                ]
            ]
        }
    ]
}