{
    "words": [
        {
            "alignedWord": "sp",
            "start": 0.0,
            "end": 0.6410430839002268,
            "phonemes": [
                [
                    "sp",
                    0.0,
                    0.6410430839002268
                ]
            ]
        },
        {
            "alignedWord": "THE",
            "start": 0.6410430839002268,
            "end": 0.700907029478458,
            "phonemes": [
                [
                    "DH",
                    0.6410430839002268,
                    0.6709750566893424
                ],
                [
                    "AH0",
                    0.6709750566893424,
                    0.700907029478458
                ]
            ]
        },
        {
            "alignedWord": "INDIVIDUALLY",
            "start": 0.700907029478458,
            "end": 1.3793650793650791,
            "phonemes": [
                [
                    "IH2",
                    0.700907029478458,
                    0.7308390022675736
                ],
                [
                    "N",
                    0.7308390022675736,
                    0.8505668934240361
                ],
                [
                    "D",
                    0.8505668934240361,
                    0.8904761904761903
                ],
                [
                    "IH0",
                    0.8904761904761903,
                    0.920408163265306
                ],
                [
                    "V",
                    0.920408163265306,
                    0.9503401360544215
                ],
                [
                    "IH1",
                    0.9503401360544215,
                    1.0002267573696142
                ],
                [
                    "JH",
                    1.0002267573696142,
                    1.1099773242630384
                ],
                [
                    "UW0",
                    1.1099773242630384,
                    1.1498866213151924
                ],
                [
                    "AH0",
                    1.1498866213151924,
                    1.179818594104308
                ],
                [
                    "L",
                    1.179818594104308,
                    1.2396825396825393
                ],
                [
                    "IY0",
                    1.2396825396825393,
                    1.3793650793650791
                ]
            ]
        },
        {
            "alignedWord": "sp",
            "start": 1.3793650793650791,
            "end": 1.4092970521541945,
            "phonemes": [
                [
                    "sp",
                    1.3793650793650791,
                    1.4092970521541945
                ]
            ]
        },
        {
            "alignedWord": "WRAPPED",
            "start": 1.4092970521541945,
            "end": 1.798412698412698,
            "phonemes": [
                [
                    "R",
                    1.4092970521541945,
                    1.4392290249433102
                ],
                [
                    "AE1",
                    1.4392290249433102,
                    1.5988662131519271
                ],
                [
                    "P",
                    1.5988662131519271,
                    1.6786848072562353
                ],
                [
                    "T",
                    1.6786848072562353,
                    1.798412698412698
                ]
            ]
        },
        {
            "alignedWord": "sp",
            "start": 1.798412698412698,
            "end": 2.037868480725623,
            "phonemes": [
                [
                    "sp",
                    1.798412698412698,
                    2.037868480725623
                ]
            ]
        },
        {
            "alignedWord": "CHEESE",
            "start": 2.037868480725623,
            "end": 2.317233560090702,
            "phonemes": [
                [
                    "CH",
                    2.037868480725623,
                    2.12766439909297
                ],
                [
                    "IY1",
                    2.12766439909297,
                    2.257369614512471
                ],
                [
                    "Z",
                    2.257369614512471,
                    2.317233560090702
                ]
            ]
        },
        {
            "alignedWord": "SLICES",
            "start": 2.317233560090702,
            "end": 2.80612244897959,
            "phonemes": [
                [
                    "S",
                    2.317233560090702,
                    2.4369614512471647
                ],
                [
                    "L",
                    2.4369614512471647,
                    2.486848072562357
                ],
                [
                    "AY1",
                    2.486848072562357,
                    2.5866213151927426
                ],
                [
                    "S",
                    2.5866213151927426,
                    2.7362811791383206
                ],
                [
                    "AH0",
                    2.7362811791383206,
                    2.7761904761904748
                ],
                [
                    "Z",
                    2.7761904761904748,
                    2.80612244897959
                ]
            ]
        },
        {
            "alignedWord": "ARE",
            "start": 2.80612244897959,
            "end": 2.9258503401360527,
            "phonemes": [
                [
                    "AA1",
                    2.80612244897959,
                    2.8859410430838985
                ],
                [
                    "R",
                    2.8859410430838985,
                    2.9258503401360527
                ]
            ]
        },
        {
            "alignedWord": "TYPICALLY",
            "start": 2.9258503401360527,
            "end": 3.6043083900226733,
            "phonemes": [
                [
                    "T",
                    2.9258503401360527,
                    3.005668934240361
                ],
                [
                    "IH1",
                    3.005668934240361,
                    3.0854875283446694
                ],
                [
                    "P",
                    3.0854875283446694,
                    3.155328798185939
                ],
                [
                    "IH0",
                    3.155328798185939,
                    3.225170068027209
                ],
                [
                    "K",
                    3.225170068027209,
                    3.304988662131517
                ],
                [
                    "L",
                    3.304988662131517,
                    3.4346938775510183
                ],
                [
                    "IY0",
                    3.4346938775510183,
                    3.6043083900226733
                ]
            ]
        },
        {
            "alignedWord": "THE",
            "start": 3.6043083900226733,
            "end": 3.823809523809521,
            "phonemes": [
                [
                    "DH",
                    3.6043083900226733,
                    3.6442176870748275
                ],
                [
                    "AH0",
                    3.6442176870748275,
                    3.823809523809521
                ]
            ]
        },
        {
            "alignedWord": "LEAST",
            "start": 3.823809523809521,
            "end": 4.542176870748297,