{
    "words": [
        {
            "alignedWord": "IM",
            "start": 0.0,
            "end": 0.3018140589569161,
            "phonemes": [
                [
                    "IH1",
                    0.0,
                    0.06235827664399093
                ],
                [
                    "M",
                    0.06235827664399093,
                    0.3018140589569161
                ]
            ]
        },
        {
            "alignedWord": "SMOKING",
            "start": 0.3018140589569161,
            "end": 1.2696145124716554,
            "phonemes": [
                [
                    "S",
                    0.3018140589569161,
                    0.571201814058957
                ],
                [
                    "M",
                    0.571201814058957,
                    0.6410430839002268
                ],
                [
                    "OW1",
                    0.6410430839002268,
                    0.7408163265306122
                ],
                [
                    "K",
                    0.7408163265306122,
                    0.8306122448979592
                ],
                [
                    "IH0",
                    0.8306122448979592,
                    0.8705215419501133
                ],
                [
                    "NG",
                    0.8705215419501133,
                    1.2696145124716554
                ]
            ]
        },
        {
            "alignedWord": "TOO",
            "start": 1.2696145124716554,
            "end": 1.5090702947845804,
            "phonemes": [
                [
                    "T",
                    1.2696145124716554,
                    1.429251700680272
                ],
                [
                    "UW1",
                    1.429251700680272,
                    1.5090702947845804
                ]
            ]
        },
        {
            "alignedWord": "MUCH",
            "start": 1.5090702947845804,
            "end": 1.9081632653061222,
            "phonemes": [
                [
                    "M",
                    1.5090702947845804,
                    1.5589569160997732
                ],
                [
                    "AH1",
                    1.5589569160997732,
                    1.6587301587301586
                ],
                [
                    "CH",
                    1.6587301587301586,
                    1.9081632653061222
                ]
            ]
        },
        {
            "alignedWord": "sp",
            "start": 1.9081632653061222,
            "end": 2.6274829931972787,
            "phonemes": [
                [
                    "sp",
                    1.9081632653061222,
                    2.6274829931972787
                ]
            ]
        }
    ]
}