{
    "words": [
        {
            "alignedWord": "YOUD",
            "start": 0.0,
            "end": 0.21201814058956917,
            "phonemes": [
                [
                    "Y",
                    0.0,
                    0.09229024943310657
                ],
                [
                    "AH1",
                    0.09229024943310657,
                    0.12222222222222222
                ],
                [
                    "D",
                    0.12222222222222222,
                    0.21201814058956917
                ]
            ]
        },
        {
            "alignedWord": "BETTER",
            "start": 0.21201814058956917,
            "end": 0.5213151927437643,
            "phonemes": [
                [
                    "B",
                    0.21201814058956917,
                    0.2619047619047619
                ],
                [
                    "EH1",
                    0.2619047619047619,
                    0.4215419501133787
                ],
                [
                    "T",
                    0.4215419501133787,
                    0.46145124716553293
                ],
                [
                    "ER0",
                    0.46145124716553293,
                    0.5213151927437643
                ]
            ]
        },
        {
            "alignedWord": "START",
            "start": 0.5213151927437643,
            "end": 1.0301587301587303,
            "phonemes": [
                [
                    "S",
                    0.5213151927437643,
                    0.6809523809523811
                ],
                [
                    "T",
                    0.6809523809523811,
                    0.7108843537414966
                ],
                [
                    "AA1",
                    0.7108843537414966,
                    0.9702947845804989
                ],
                [
                    "R",
                    0.9702947845804989,
                    1.0002267573696146
                ],
                [
                    "T",
                    1.0002267573696146,
                    1.0301587301587303
                ]
            ]
        },
        {
            "alignedWord": "RIGHT",
            "start": 1.0301587301587303,
            "end": 1.3294784580498868,
            "phonemes": [
                [
                    "R",
                    1.0301587301587303,
                    1.16984126984127
                ],
                [
                    "AY1",
                    1.16984126984127,
                    1.2895691609977327
                ],
                [
                    "T",
                    1.2895691609977327,
                    1.3294784580498868
                ]
            ]
        },
        {
            "alignedWord": "NOW",
            "start": 1.3294784580498868,
            "end": 1.8482993197278916,
            "phonemes": [
                [
                    "N",
                    1.3294784580498868,
                    1.4292517006802723
                ],
                [
                    "AW1",
                    1.4292517006802723,
                    1.8482993197278916
                ]
            ]
        },
        {
            "alignedWord": "sp",
            "start": 1.8482993197278916,
            "end": 3.1899773242630385,
            "phonemes": [
                [
                    "sp",
                    1.8482993197278916,
                    3.1899773242630385
                ]
            ]
        }
    ]
}