{
    "words": [
        {
            "alignedWord": "sp",
            "start": 0.0,
            "end": 0.39160997732426306,
            "phonemes": [
                [
                    "sp",
                    0.0,
                    0.39160997732426306
                ]
            ]
        },
        {
            "alignedWord": "ABRAHAM",
            "start": 0.39160997732426306,
            "end": 0.8904761904761906,
            "phonemes": [
                [
                    "EY1",
                    0.39160997732426306,
                    0.5213151927437643
                ],
                [
                    "B",
                    0.5213151927437643,
                    0.5811791383219955
                ],
                [
                    "R",
                    0.5811791383219955,
                    0.660997732426304
                ],
                [
                    "AH0",
                    0.660997732426304,
                    0.6909297052154196
                ],
                [
                    "HH",
                    0.6909297052154196,
                    0.7607709750566894
                ],
                [
                    "AE2",
                    0.7607709750566894,
                    0.8206349206349208
                ],
                [
                    "M",
                    0.8206349206349208,
                    0.8904761904761906
                ]
            ]
        },
        {
            "alignedWord": "LINCOLN",
            "start": 0.8904761904761906,
            "end": 1.2396825396825395,
            "phonemes": [
                [
                    "L",
                    0.8904761904761906,
                    0.9802721088435375
                ],
                [
                    "IH1",
                    0.9802721088435375,
                    1.0201814058956917
                ],
                [
                    "NG",
                    1.0201814058956917,
                    1.060090702947846
                ],
                [
                    "K",
                    1.060090702947846,
                    1.139909297052154
                ],
                [
                    "AH0",
                    1.139909297052154,
                    1.1698412698412697
                ],
                [
                    "N",
                    1.1698412698412697,
                    1.2396825396825395
                ]
            ]
        },
        {
            "alignedWord": "WAS",
            "start": 1.2396825396825395,
            "end": 1.4292517006802716,
            "phonemes": [
                [
                    "W",
                    1.2396825396825395,
                    1.3195011337868479
                ],
                [
                    "AA1",
                    1.3195011337868479,
                    1.3494331065759635
                ],
                [
                    "Z",
                    1.3494331065759635,
                    1.4292517006802716
                ]
            ]
        },
        {
            "alignedWord": "THE",
            "start": 1.4292517006802716,
            "end": 1.50907029478458,
            "phonemes": [
                [
                    "DH",
                    1.4292517006802716,
                    1.4691609977324258
                ],
                [
                    "AH0",
                    1.4691609977324258,
                    1.50907029478458
                ]
            ]
        },
        {
            "alignedWord": "SIXTEENTH",
            "start": 1.50907029478458,
            "end": 2.1775510204081625,
            "phonemes": [
                [
                    "S",
                    1.50907029478458,
                    1.6687074829931967
                ],
                [
                    "IH0",
                    1.6687074829931967,
                    1.708616780045351
                ],
                [
                    "K",
                    1.708616780045351,
                    1.7784580498866207
                ],
                [
                    "S",
                    1.7784580498866207,
                    1.8482993197278905
                ],
                [
                    "T",
                    1.8482993197278905,
                    1.968027210884353
                ],
                [
                    "IY1",
                    1.968027210884353,
                    2.077777777777777
                ],
                [
                    "N",
                    2.077777777777777,
                    2.107709750566893
                ],
                [
                    "TH",
                    2.107709750566893,
                    2.1775510204081625
                ]
            ]
        },
        {
            "alignedWord": "sp",
            "start": 2.1775510204081625,
            "end": 2.3571428571428568,
            "phonemes": [
                [
                    "sp",
                    2.1775510204081625,
                    2.3571428571428568
                ]
            ]
        },
        {
            "alignedWord": "PRESIDENT",
            "start": 2.3571428571428568,
            "end": 2.8061224489795906,
            "phonemes": [
                [
                    "P",
                    2.3571428571428568,
                    2.4269841269841264
                ],
                [
                    "R",
                    2.4269841269841264,
                    2.4668934240362805
                ],
                [
                    "EH1",
                    2.4668934240362805,
                    2.4968253968253964
                ],
                [
                    "Z",
                    2.4968253968253964,
                    2.586621315192743
                ],
                [
                    "AH0",
                    2.586621315192743,
                    2.6165532879818585
                ],
                [
                    "D",
                    2.6165532879818585,
                    2.6564625850340127
                ],
                [
                    "EH2",
                    2.6564625850340127,
                    2.7063492063492056
                ],
                [
                    "N",
                    2.7063492063492056,
                    2.7662131519274364
                ],
                [
                    "T",
                    2.7662131519274364,
                    2.8061224489795906
                ]
            ]
        },
        {
            "alignedWord": "OF",
            "start": 2.8061224489795906,
            "end": 2.9657596371882073,
            "phonemes": [
                [
                    "AH1",
                    2.8061224489795906,
                    2.8759637188208607
                ],
                [
                    "V",
                    2.8759637188208607,
                    2.9657596371882073
                ]
            ]
        },
        {
            "alignedWord": "THE",
            "start": 2.9657596371882073,
            "end": 3.0256235827664386,
            "phonemes": [
                [
                    "DH",
                    2.9657596371882073,
                    2.995691609977323
                ],
                [
                    "AH0",
                    2.995691609977323,
                    3.0256235827664386
                ]
            ]
        },
        {
            "alignedWord": "UNITED",
            "start": 3.0256235827664386,
            "end": 3.42471655328798,