{
    "words": [
        {
            "alignedWord": "sp",
            "start": 0.0,
            "end": 0.39160997732426306,
            "phonemes": [
                [
                    "sp",
                    0.0,
                    0.39160997732426306
                ]
            ]
        },
        {
            "alignedWord": "AS",
            "start": 0.39160997732426306,
            "end": 0.6210884353741496,
            "phonemes": [
                [
                    "AE1",
                    0.39160997732426306,
                    0.5113378684807256
                ],
                [
                    "Z",
                    0.5113378684807256,
                    0.6210884353741496
                ]
            ]
        },
        {
            "alignedWord": "PROMISED",
            "start": 0.6210884353741496,
            "end": 1.3494331065759637,
            "phonemes": [
                [
                    "P",
                    0.6210884353741496,
                    0.6909297052154195
                ],
                [
                    "R",
                    0.6909297052154195,
                    0.7308390022675736
                ],
                [
                    "AA1",
                    0.7308390022675736,
                    0.8405895691609976
                ],
                [
                    "M",
                    0.8405895691609976,
                    0.9204081632653061
                ],
                [
                    "AH0",
                    0.9204081632653061,
                    0.9802721088435373
                ],
                [
                    "S",
                    0.9802721088435373,
                    1.1099773242630386
                ],
                [
                    "T",
                    1.1099773242630386,
                    1.3494331065759637
                ]
            ]
        },
        {
            "alignedWord": "AINT",
            "start": 1.3494331065759637,
            "end": 1.5290249433106575,
            "phonemes": [
                [
                    "EY1",
                    1.3494331065759637,
                    1.4591836734693877
                ],
                [
                    "N",
                    1.4591836734693877,
                    1.4891156462585033
                ],
                [
                    "T",
                    1.4891156462585033,
                    1.5290249433106575
                ]
            ]
        },
        {
            "alignedWord": "TOO",
            "start": 1.5290249433106575,
            "end": 1.6687074829931972,
            "phonemes": [
                [
                    "T",
                    1.5290249433106575,
                    1.5689342403628117
                ],
                [
                    "UW1",
                    1.5689342403628117,
                    1.6687074829931972
                ]
            ]
        },
        {
            "alignedWord": "PROUD",
            "start": 1.6687074829931972,
            "end": 1.9979591836734694,
            "phonemes": [
                [
                    "P",
                    1.6687074829931972,
                    1.7684807256235828
                ],
                [
                    "R",
                    1.7684807256235828,
                    1.8383219954648526
                ],
                [
                    "AW1",
                    1.8383219954648526,
                    1.9680272108843537
                ],
                [
                    "D",
                    1.9680272108843537,
                    1.9979591836734694
                ]
            ]
        },
        {
            "alignedWord": "TO",
            "start": 1.9979591836734694,
            "end": 2.067800453514739,
            "phonemes": [
                [
                    "T",
                    1.9979591836734694,
                    2.027891156462585
                ],
                [
                    "UW1",
                    2.027891156462585,
                    2.067800453514739
                ]
            ]
        },
        {
            "alignedWord": "BEG",
            "start": 2.067800453514739,
            "end": 2.367120181405895,
            "phonemes": [
                [
                    "B",
                    2.067800453514739,
                    2.1376417233560088
                ],
                [
                    "EH1",
                    2.1376417233560088,
                    2.3172335600907026
                ],
                [
                    "G",
                    2.3172335600907026,
                    2.367120181405895
                ]
            ]
        },
        {
            "alignedWord": "WAS",
            "start": 2.367120181405895,
            "end": 2.556689342403627,
            "phonemes": [
                [
                    "W",
                    2.367120181405895,
                    2.456916099773242
                ],
                [
                    "AA1",
                    2.456916099773242,
                    2.4868480725623576
                ],
                [
                    "Z",
                    2.4868480725623576,
                    2.556689342403627
                ]
            ]
        },
        {
            "alignedWord": "RELEASED",
            "start": 2.556689342403627,
            "end": 2.975736961451246,
            "phonemes": [
                [
                    "R",
                    2.556689342403627,
                    2.6365079365079356
                ],
                [
                    "IY0",
                    2.6365079365079356,
                    2.6664399092970514
                ],
                [
                    "L",
                    2.6664399092970514,
                    2.736281179138321
                ],
                [
                    "IY1",
                    2.736281179138321,
                    2.8260770975056677
                ],
                [
                    "S",
                    2.8260770975056677,
                    2.925850340136053
                ],
                [
                    "T",
                    2.925850340136053,
                    2.975736961451246
                ]
            ]
        },
        {
            "alignedWord": "AS",
            "start": 2.975736961451246,
            "end": 3.1353741496598624,
            "phonemes": [
                [
                    "AE1",
                    2.975736961451246,
                    3.0256235827664386
                ],
                [
                    "Z",
                    3.0256235827664386,
                    3.1353741496598624
                ]
            ]
        },
        {
            "alignedWord": "THE",
            "start": 3.1353741496598624,
            "end": 3.235147392290248,
            "phonemes": [
                [
                    "DH",
                    3.1353741496598624,
                    3.1852607709750553
                ],
                [
                    "AH0",
                    3.1852607709750553,
                    3.235147392290248
                ]
            ]
        },
        {
            "alignedWord": "NEXT",
            "start": 3.235147392290248,
            "end": 3.5045351473922883,