{
    "words": [
        {
            "alignedWord": "BEFORE",
            "start": 0.0,
            "end": 0.2918367346938776,
            "phonemes": [
                [
                    "B",
                    0.0,
                    0.04240362811791383
                ],
                [
                    "IH0",
                    0.04240362811791383,
                    0.07233560090702948
                ],
                [
                    "F",
                    0.07233560090702948,
                    0.10226757369614513
                ],
                [
                    "AO1",
                    0.10226757369614513,
                    0.2120181405895692
                ],
                [
                    "R",
                    0.2120181405895692,
                    0.2918367346938776
                ]
            ]
        },
        {
            "alignedWord": "GUNS",
            "start": 0.2918367346938776,
            "end": 0.7308390022675737,
            "phonemes": [
                [
                    "G",
                    0.2918367346938776,
                    0.3816326530612245
                ],
                [
                    "AH1",
                    0.3816326530612245,
                    0.501360544217687
                ],
                [
                    "N",
                    0.501360544217687,
                    0.5811791383219954
                ],
                [
                    "Z",
                    0.5811791383219954,
                    0.7308390022675737
                ]
            ]
        },
        {
            "alignedWord": "WERE",
            "start": 0.7308390022675737,
            "end": 0.9503401360544217,
            "phonemes": [
                [
                    "W",
                    0.7308390022675737,
                    0.8505668934240362
                ],
                [
                    "ER0",
                    0.8505668934240362,
                    0.9503401360544217
                ]
            ]
        },
        {
            "alignedWord": "INVENTED",
            "start": 0.9503401360544217,
            "end": 1.668707482993197,
            "phonemes": [
                [
                    "IH0",
                    0.9503401360544217,
                    0.9802721088435373
                ],
                [
                    "N",
                    0.9802721088435373,
                    1.010204081632653
                ],
                [
                    "V",
                    1.010204081632653,
                    1.0401360544217686
                ],
                [
                    "EH1",
                    1.0401360544217686,
                    1.1798185941043082
                ],
                [
                    "N",
                    1.1798185941043082,
                    1.2596371882086166
                ],
                [
                    "T",
                    1.2596371882086166,
                    1.339455782312925
                ],
                [
                    "AH0",
                    1.339455782312925,
                    1.5489795918367344
                ],
                [
                    "D",
                    1.5489795918367344,
                    1.668707482993197
                ]
            ]
        },
        {
            "alignedWord": "sp",
            "start": 1.668707482993197,
            "end": 1.7784580498866212,
            "phonemes": [
                [
                    "sp",
                    1.668707482993197,
                    1.7784580498866212
                ]
            ]
        },
        {
            "alignedWord": "ARMIES",
            "start": 1.7784580498866212,
            "end": 2.2773242630385484,
            "phonemes": [
                [
                    "AA1",
                    1.7784580498866212,
                    1.9879818594104306
                ],
                [
                    "R",
                    1.9879818594104306,
                    2.0378684807256233
                ],
                [
                    "M",
                    2.0378684807256233,
                    2.0877551020408163
                ],
                [
                    "IY0",
                    2.0877551020408163,
                    2.1875283446712017
                ],
                [
                    "Z",
                    2.1875283446712017,
                    2.2773242630385484
                ]
            ]
        },
        {
            "alignedWord": "HAD",
            "start": 2.2773242630385484,
            "end": 2.4269841269841264,
            "phonemes": [
                [
                    "HH",
                    2.2773242630385484,
                    2.327210884353741
                ],
                [
                    "AE1",
                    2.327210884353741,
                    2.397052154195011
                ],
                [
                    "D",
                    2.397052154195011,
                    2.4269841269841264
                ]
            ]
        },
        {
            "alignedWord": "TO",
            "start": 2.4269841269841264,
            "end": 2.546712018140589,
            "phonemes": [
                [
                    "T",
                    2.4269841269841264,
                    2.516780045351473
                ],
                [
                    "UW1",
                    2.516780045351473,
                    2.546712018140589
                ]
            ]
        },
        {
            "alignedWord": "THROW",
            "start": 2.546712018140589,
            "end": 2.875963718820861,
            "phonemes": [
                [
                    "TH",
                    2.546712018140589,
                    2.6564625850340127
                ],
                [
                    "R",
                    2.6564625850340127,
                    2.8460317460317452
                ],
                [
                    "OW1",
                    2.8460317460317452,
                    2.875963718820861
                ]
            ]
        },
        {
            "alignedWord": "BULLETS",
            "start": 2.875963718820861,
            "end": 3.344897959183672,
            "phonemes": [
                [
                    "B",
                    2.875963718820861,
                    2.965759637188208
                ],
                [
                    "UH1",
                    2.965759637188208,
                    3.0356009070294774
                ],
                [
                    "L",
                    3.0356009070294774,
                    3.1453514739229016
                ],
                [
                    "AH0",
                    3.1453514739229016,
                    3.195238095238094
                ],
                [
                    "T",
                    3.195238095238094,
                    3.2650793650793637
                ],
                [
                    "S",
                    3.2650793650793637,
                    3.344897959183672
                ]
            ]
        },
        {
            "alignedWord": "AT",
            "start": 3.344897959183672,
            "end": 3.434693877551019,
            "phonemes": [
                [
                    "AE1",
                    3.344897959183672,
                    3.3848072562358262
                ],
                [
                    "T",
                    3.3848072562358262,
                    3.434693877551019
                ]
            ]
        },
        {
            "alignedWord": "EACH",
            "start": 3.434693877551019,
            "end": 3.7040816326530597,