{
    "words": [
        {
            "alignedWord": "HOWEVER",
            "start": 0.0,
            "end": 0.2619047619047619,
            "phonemes": [
                [
                    "HH",
                    0.0,
                    0.05238095238095238
                ],
                [
                    "AW2",
                    0.05238095238095238,
                    0.09229024943310657
                ],
                [
                    "EH1",
                    0.09229024943310657,
                    0.1621315192743764
                ],
                [
                    "V",
                    0.1621315192743764,
                    0.23197278911564628
                ],
                [
                    "ER0",
                    0.23197278911564628,
                    0.2619047619047619
                ]
            ]
        },
        {
            "alignedWord": "THE",
            "start": 0.2619047619047619,
            "end": 0.37165532879818597,
            "phonemes": [
                [
                    "DH",
                    0.2619047619047619,
                    0.34172335600907033
                ],
                [
                    "AH0",
                    0.34172335600907033,
                    0.37165532879818597
                ]
            ]
        },
        {
            "alignedWord": "SERIES",
            "start": 0.37165532879818597,
            "end": 0.8306122448979593,
            "phonemes": [
                [
                    "S",
                    0.37165532879818597,
                    0.5113378684807257
                ],
                [
                    "IH1",
                    0.5113378684807257,
                    0.5911564625850341
                ],
                [
                    "R",
                    0.5911564625850341,
                    0.6909297052154196
                ],
                [
                    "IY0",
                    0.6909297052154196,
                    0.7607709750566894
                ],
                [
                    "Z",
                    0.7607709750566894,
                    0.8306122448979593
                ]
            ]
        },
        {
            "alignedWord": "WAS",
            "start": 0.8306122448979593,
            "end": 0.9204081632653062,
            "phonemes": [
                [
                    "W",
                    0.8306122448979593,
                    0.8605442176870749
                ],
                [
                    "AA1",
                    0.8605442176870749,
                    0.8904761904761905
                ],
                [
                    "Z",
                    0.8904761904761905,
                    0.9204081632653062
                ]
            ]
        },
        {
            "alignedWord": "CANCELED",
            "start": 0.9204081632653062,
            "end": 1.3993197278911564,
            "phonemes": [
                [
                    "K",
                    0.9204081632653062,
                    1.0201814058956917
                ],
                [
                    "AE1",
                    1.0201814058956917,
                    1.1199546485260774
                ],
                [
                    "N",
                    1.1199546485260774,
                    1.16984126984127
                ],
                [
                    "S",
                    1.16984126984127,
                    1.2396825396825397
                ],
                [
                    "AH0",
                    1.2396825396825397,
                    1.279591836734694
                ],
                [
                    "L",
                    1.279591836734694,
                    1.369387755102041
                ],
                [
                    "D",
                    1.369387755102041,
                    1.3993197278911564
                ]
            ]
        },
        {
            "alignedWord": "INDEFINITELY",
            "start": 1.3993197278911564,
            "end": 2.0079365079365075,
            "phonemes": [
                [
                    "IH0",
                    1.3993197278911564,
                    1.4691609977324263
                ],
                [
                    "N",
                    1.4691609977324263,
                    1.5489795918367346
                ],
                [
                    "D",
                    1.5489795918367346,
                    1.5988662131519273
                ],
                [
                    "EH1",
                    1.5988662131519273,
                    1.628798185941043
                ],
                [
                    "F",
                    1.628798185941043,
                    1.738548752834467
                ],
                [
                    "AH0",
                    1.738548752834467,
                    1.7684807256235826
                ],
                [
                    "N",
                    1.7684807256235826,
                    1.7984126984126982
                ],
                [
                    "AH0",
                    1.7984126984126982,
                    1.8383219954648524
                ],
                [
                    "T",
                    1.8383219954648524,
                    1.8981859410430835
                ],
                [
                    "L",
                    1.8981859410430835,
                    1.9780045351473918
                ],
                [
                    "IY0",
                    1.9780045351473918,
                    2.0079365079365075
                ]
            ]
        },
        {
            "alignedWord": "sp",
            "start": 2.0079365079365075,
            "end": 2.1475736961451246,
            "phonemes": [
                [
                    "sp",
                    2.0079365079365075,
                    2.1475736961451246
                ]
            ]
        }
    ]
}