{
    "words": [
        {
            "alignedWord": "AFTER",
            "start": 0.0,
            "end": 0.4913832199546485,
            "phonemes": [
                [
                    "AE1",
                    0.0,
                    0.17210884353741498
                ],
                [
                    "F",
                    0.17210884353741498,
                    0.20204081632653062
                ],
                [
                    "T",
                    0.20204081632653062,
                    0.28185941043083906
                ],
                [
                    "ER0",
                    0.28185941043083906,
                    0.4913832199546485
                ]
            ]
        },
        {
            "alignedWord": "MOVING",
            "start": 0.4913832199546485,
            "end": 0.7707482993197279,
            "phonemes": [
                [
                    "M",
                    0.4913832199546485,
                    0.5512471655328799
                ],
                [
                    "UW1",
                    0.5512471655328799,
                    0.6410430839002268
                ],
                [
                    "V",
                    0.6410430839002268,
                    0.6909297052154196
                ],
                [
                    "IH0",
                    0.6909297052154196,
                    0.7308390022675737
                ],
                [
                    "NG",
                    0.7308390022675737,
                    0.7707482993197279
                ]
            ]
        },
        {
            "alignedWord": "TO",
            "start": 0.7707482993197279,
            "end": 0.9603174603174602,
            "phonemes": [
                [
                    "T",
                    0.7707482993197279,
                    0.9303854875283447
                ],
                [
                    "UW1",
                    0.9303854875283447,
                    0.9603174603174602
                ]
            ]
        },
        {
            "alignedWord": "RURAL",
            "start": 0.9603174603174602,
            "end": 1.449206349206349,
            "phonemes": [
                [
                    "R",
                    0.9603174603174602,
                    1.1698412698412697
                ],
                [
                    "UH1",
                    1.1698412698412697,
                    1.3394557823129252
                ],
                [
                    "R",
                    1.3394557823129252,
                    1.3893424036281177
                ],
                [
                    "AH0",
                    1.3893424036281177,
                    1.4192743764172333
                ],
                [
                    "L",
                    1.4192743764172333,
                    1.449206349206349
                ]
            ]
        },
        {
            "alignedWord": "sp",
            "start": 1.449206349206349,
            "end": 1.8283446712018139,
            "phonemes": [
                [
                    "sp",
                    1.449206349206349,
                    1.8283446712018139
                ]
            ]
        },
        {
            "alignedWord": "BELLEVILLE",
            "start": 1.8283446712018139,
            "end": 2.377097505668934,
            "phonemes": [
                [
                    "B",
                    1.8283446712018139,
                    1.888208616780045
                ],
                [
                    "AH0",
                    1.888208616780045,
                    1.928117913832199
                ],
                [
                    "L",
                    1.928117913832199,
                    2.1176870748299317
                ],
                [
                    "V",
                    2.1176870748299317,
                    2.157596371882086
                ],
                [
                    "IH1",
                    2.157596371882086,
                    2.237414965986394
                ],
                [
                    "L",
                    2.237414965986394,
                    2.377097505668934
                ]
            ]
        },
        {
            "alignedWord": "MICHIGAN",
            "start": 2.377097505668934,
            "end": 3.3049886621315183,
            "phonemes": [
                [
                    "M",
                    2.377097505668934,
                    2.6265306122448977
                ],
                [
                    "IH1",
                    2.6265306122448977,
                    2.666439909297052
                ],
                [
                    "SH",
                    2.666439909297052,
                    2.7961451247165527
                ],
                [
                    "IH0",
                    2.7961451247165527,
                    2.856009070294784
                ],
                [
                    "G",
                    2.856009070294784,
                    2.9058956916099765
                ],
                [
                    "AH0",
                    2.9058956916099765,
                    3.0356009070294774
                ],
                [
                    "N",
                    3.0356009070294774,
                    3.3049886621315183
                ]
            ]
        },
        {
            "alignedWord": "sp",
            "start": 3.3049886621315183,
            "end": 3.474603174603174,
            "phonemes": [
                [
                    "sp",
                    3.3049886621315183,
                    3.474603174603174
                ]
            ]
        },
        {
            "alignedWord": "ATKINS",
            "start": 3.474603174603174,
            "end": 4.013378684807255,
            "phonemes": [
                [
                    "AE1",
                    3.474603174603174,
                    3.6442176870748293
                ],
                [
                    "T",
                    3.6442176870748293,
                    3.7240362811791377
                ],
                [
                    "K",
                    3.7240362811791377,
                    3.7639455782312914
                ],
                [
                    "IH0",
                    3.7639455782312914,
                    3.8238095238095227
                ],
                [
                    "N",
                    3.8238095238095227,
                    3.933560090702947
                ],
                [
                    "Z",
                    3.933560090702947,
                    4.013378684807255
                ]
            ]
        },
        {
            "alignedWord": "MET",
            "start": 4.013378684807255,
            "end": 4.202947845804989,
            "phonemes": [
                [
                    "M",
                    4.013378684807255,
                    4.043310657596371
                ],
                [
                    "EH1",
                    4.043310657596371,
                    4.113151927437642
                ],
                [
                    "T",
                    4.113151927437642,
                    4.202947845804989
                ]
            ]
        },
        {
            "alignedWord": "sp",
            "start": 4.202947845804989,
            "end": 4.272789115646258,
            "phonemes": [
                [
                    "sp",
                    4.202947845804989,
                    4.272789115646258
                ]
            ]
        },
        {
            "alignedWord": "DERRICK",
            "start": 4.272789115646258,
            "end": 4.572108843537417,