{
    "words": [
        {
            "alignedWord": "sp",
            "start": 0.0,
            "end": 0.3217687074829932,
            "phonemes": [
                [
                    "sp",
                    0.0,
                    0.3217687074829932
                ]
            ]
        },
        {
            "alignedWord": "ROBBINS",
            "start": 0.3217687074829932,
            "end": 0.8605442176870748,
            "phonemes": [
                [
                    "R",
                    0.3217687074829932,
                    0.4913832199546485
                ],
                [
                    "AA1",
                    0.4913832199546485,
                    0.5612244897959184
                ],
                [
                    "B",
                    0.5612244897959184,
                    0.6210884353741497
                ],
                [
                    "IH0",
                    0.6210884353741497,
                    0.6510204081632653
                ],
                [
                    "N",
                    0.6510204081632653,
                    0.7707482993197279
                ],
                [
                    "Z",
                    0.7707482993197279,
                    0.8605442176870748
                ]
            ]
        },
        {
            "alignedWord": "WAS",
            "start": 0.8605442176870748,
            "end": 1.010204081632653,
            "phonemes": [
                [
                    "W",
                    0.8605442176870748,
                    0.9104308390022676
                ],
                [
                    "AA1",
                    0.9104308390022676,
                    0.9403628117913833
                ],
                [
                    "Z",
                    0.9403628117913833,
                    1.010204081632653
                ]
            ]
        },
        {
            "alignedWord": "BORN",
            "start": 1.010204081632653,
            "end": 1.2995464852607708,
            "phonemes": [
                [
                    "B",
                    1.010204081632653,
                    1.0800453514739228
                ],
                [
                    "AO1",
                    1.0800453514739228,
                    1.2197278911564624
                ],
                [
                    "R",
                    1.2197278911564624,
                    1.2696145124716551
                ],
                [
                    "N",
                    1.2696145124716551,
                    1.2995464852607708
                ]
            ]
        },
        {
            "alignedWord": "IN",
            "start": 1.2995464852607708,
            "end": 1.399319727891156,
            "phonemes": [
                [
                    "IH0",
                    1.2995464852607708,
                    1.3294784580498864
                ],
                [
                    "N",
                    1.3294784580498864,
                    1.399319727891156
                ]
            ]
        },
        {
            "alignedWord": "GLENDALE",
            "start": 1.399319727891156,
            "end": 2.157596371882086,
            "phonemes": [
                [
                    "G",
                    1.399319727891156,
                    1.5190476190476188
                ],
                [
                    "L",
                    1.5190476190476188,
                    1.628798185941043
                ],
                [
                    "EH1",
                    1.628798185941043,
                    1.6786848072562355
                ],
                [
                    "N",
                    1.6786848072562355,
                    1.7984126984126982
                ],
                [
                    "D",
                    1.7984126984126982,
                    1.8383219954648524
                ],
                [
                    "EY2",
                    1.8383219954648524,
                    1.978004535147392
                ],
                [
                    "L",
                    1.978004535147392,
                    2.157596371882086
                ]
            ]
        },
        {
            "alignedWord": "sp",
            "start": 2.157596371882086,
            "end": 2.5167800453514735,
            "phonemes": [
                [
                    "sp",
                    2.157596371882086,
                    2.5167800453514735
                ]
            ]
        },
        {
            "alignedWord": "A",
            "start": 2.5167800453514735,
            "end": 2.5666666666666664,
            "phonemes": [
                [
                    "AH0",
                    2.5167800453514735,
                    2.5666666666666664
                ]
            ]
        },
        {
            "alignedWord": "SUBURB",
            "start": 2.5666666666666664,
            "end": 3.125396825396825,
            "phonemes": [
                [
                    "S",
                    2.5666666666666664,
                    2.796145124716553
                ],
                [
                    "AH1",
                    2.796145124716553,
                    2.8560090702947845
                ],
                [
                    "B",
                    2.8560090702947845,
                    2.925850340136054
                ],
                [
                    "ER0",
                    2.925850340136054,
                    3.0256235827664395
                ],
                [
                    "B",
                    3.0256235827664395,
                    3.125396825396825
                ]
            ]
        },
        {
            "alignedWord": "OF",
            "start": 3.125396825396825,
            "end": 3.1952380952380945,
            "phonemes": [
                [
                    "AH1",
                    3.125396825396825,
                    3.1553287981859404
                ],
                [
                    "V",
                    3.1553287981859404,
                    3.1952380952380945
                ]
            ]
        },
        {
            "alignedWord": "sp",
            "start": 3.1952380952380945,
            "end": 3.314965986394557,
            "phonemes": [
                [
                    "sp",
                    3.1952380952380945,
                    3.314965986394557
                ]
            ]
        },
        {
            "alignedWord": "PHOENIX",
            "start": 3.314965986394557,
            "end": 3.903628117913831,
            "phonemes": [
                [
                    "F",
                    3.314965986394557,
                    3.3548752834467113
                ],
                [
                    "IY1",
                    3.3548752834467113,
                    3.474603174603174
                ],
                [
                    "N",
                    3.474603174603174,
                    3.5145124716553275
                ],
                [
                    "IH0",
                    3.5145124716553275,
                    3.594331065759636
                ],
                [
                    "K",
                    3.594331065759636,
                    3.654195011337867
                ],
                [
                    "S",
                    3.654195011337867,
                    3.903628117913831
                ]
            ]
        },
        {
            "alignedWord": "IN",
            "start": 3.903628117913831,
            "end": 4.093197278911564,