{
    "words": [
        {
            "alignedWord": "NUMBERS",
            "start": 0.0,
            "end": 0.3517006802721089,
            "phonemes": [
                [
                    "N",
                    0.0,
                    0.09229024943310657
                ],
                [
                    "AH1",
                    0.09229024943310657,
                    0.14217687074829932
                ],
                [
                    "M",
                    0.14217687074829932,
                    0.20204081632653062
                ],
                [
                    "B",
                    0.20204081632653062,
                    0.24195011337868483
                ],
                [
                    "ER0",
                    0.24195011337868483,
                    0.27188208616780046
                ],
                [
                    "Z",
                    0.27188208616780046,
                    0.3517006802721089
                ]
            ]
        },
        {
            "alignedWord": "WITHOUT",
            "start": 0.3517006802721089,
            "end": 0.611111111111111,
            "phonemes": [
                [
                    "W",
                    0.3517006802721089,
                    0.3816326530612245
                ],
                [
                    "IH0",
                    0.3816326530612245,
                    0.4115646258503402
                ],
                [
                    "TH",
                    0.4115646258503402,
                    0.4714285714285715
                ],
                [
                    "AW1",
                    0.4714285714285715,
                    0.5811791383219954
                ],
                [
                    "T",
                    0.5811791383219954,
                    0.611111111111111
                ]
            ]
        },
        {
            "alignedWord": "BLUE",
            "start": 0.611111111111111,
            "end": 0.9004535147392291,
            "phonemes": [
                [
                    "B",
                    0.611111111111111,
                    0.6909297052154195
                ],
                [
                    "L",
                    0.6909297052154195,
                    0.7607709750566893
                ],
                [
                    "UW1",
                    0.7607709750566893,
                    0.9004535147392291
                ]
            ]
        },
        {
            "alignedWord": "ENTRIES",
            "start": 0.9004535147392291,
            "end": 1.3594104308390025,
            "phonemes": [
                [
                    "EH1",
                    0.9004535147392291,
                    0.9503401360544218
                ],
                [
                    "N",
                    0.9503401360544218,
                    1.0201814058956917
                ],
                [
                    "T",
                    1.0201814058956917,
                    1.1199546485260774
                ],
                [
                    "R",
                    1.1199546485260774,
                    1.1997732426303855
                ],
                [
                    "IY0",
                    1.1997732426303855,
                    1.2496598639455783
                ],
                [
                    "Z",
                    1.2496598639455783,
                    1.3594104308390025
                ]
            ]
        },
        {
            "alignedWord": "HAVE",
            "start": 1.3594104308390025,
            "end": 1.5090702947845804,
            "phonemes": [
                [
                    "HH",
                    1.3594104308390025,
                    1.4192743764172335
                ],
                [
                    "AE1",
                    1.4192743764172335,
                    1.4591836734693877
                ],
                [
                    "V",
                    1.4591836734693877,
                    1.5090702947845804
                ]
            ]
        },
        {
            "alignedWord": "NO",
            "start": 1.5090702947845804,
            "end": 1.6387755102040813,
            "phonemes": [
                [
                    "N",
                    1.5090702947845804,
                    1.5789115646258503
                ],
                [
                    "OW1",
                    1.5789115646258503,
                    1.6387755102040813
                ]
            ]
        },
        {
            "alignedWord": "SOLUTION",
            "start": 1.6387755102040813,
            "end": 2.19750566893424,
            "phonemes": [
                [
                    "S",
                    1.6387755102040813,
                    1.7984126984126982
                ],
                [
                    "AH0",
                    1.7984126984126982,
                    1.8283446712018139
                ],
                [
                    "L",
                    1.8283446712018139,
                    1.9181405895691608
                ],
                [
                    "UW1",
                    1.9181405895691608,
                    1.9979591836734691
                ],
                [
                    "SH",
                    1.9979591836734691,
                    2.1176870748299317
                ],
                [
                    "AH0",
                    2.1176870748299317,
                    2.1476190476190475
                ],
                [
                    "N",
                    2.1476190476190475,
                    2.19750566893424
                ]
            ]
        },
        {
            "alignedWord": "UNDER",
            "start": 2.19750566893424,
            "end": 2.417006802721088,
            "phonemes": [
                [
                    "AH1",
                    2.19750566893424,
                    2.2873015873015867
                ],
                [
                    "N",
                    2.2873015873015867,
                    2.3172335600907026
                ],
                [
                    "D",
                    2.3172335600907026,
                    2.387074829931972
                ],
                [
                    "ER0",
                    2.387074829931972,
                    2.417006802721088
                ]
            ]
        },
        {
            "alignedWord": "THESE",
            "start": 2.417006802721088,
            "end": 2.6564625850340127,
            "phonemes": [
                [
                    "DH",
                    2.417006802721088,
                    2.4768707482993193
                ],
                [
                    "IY1",
                    2.4768707482993193,
                    2.566666666666666
                ],
                [
                    "Z",
                    2.566666666666666,
                    2.6564625850340127
                ]
            ]
        },
        {
            "alignedWord": "CONSTRAINTS",
            "start": 2.6564625850340127,
            "end": 3.320453514739229,