{
    "words": [
        {
            "alignedWord": "sp",
            "start": 0.0,
            "end": 0.8106575963718821,
            "phonemes": [
                [
                    "sp",
                    0.0,
                    0.8106575963718821
                ]
            ]
        },
        {
            "alignedWord": "EIGHT",
            "start": 0.8106575963718821,
            "end": 1.2496598639455783,
            "phonemes": [
                [
                    "EY1",
                    0.8106575963718821,
                    1.1199546485260772
                ],
                [
                    "T",
                    1.1199546485260772,
                    1.2496598639455783
                ]
            ]
        },
        {
            "alignedWord": "sp",
            "start": 1.2496598639455783,
            "end": 2.264761904761905,
            "phonemes": [
                [
                    "sp",
                    1.2496598639455783,
                    2.264761904761905
                ]
            ]
        }
    ]
}