{
    "words": [
        {
            "alignedWord": "sp",
            "start": 0.0,
            "end": 0.4913832199546485,
            "phonemes": [
                [
                    "sp",
                    0.0,
                    0.4913832199546485
                ]
            ]
        },
        {
            "alignedWord": "I",
            "start": 0.4913832199546485,
            "end": 0.6210884353741497,
            "phonemes": [
                [
                    "AY1",
                    0.4913832199546485,
                    0.6210884353741497
                ]
            ]
        },
        {
            "alignedWord": "WAS",
            "start": 0.6210884353741497,
            "end": 0.8106575963718822,
            "phonemes": [
                [
                    "W",
                    0.6210884353741497,
                    0.6809523809523811
                ],
                [
                    "AA1",
                    0.6809523809523811,
                    0.7108843537414966
                ],
                [
                    "Z",
                    0.7108843537414966,
                    0.8106575963718822
                ]
            ]
        },
        {
            "alignedWord": "COMPLETELY",
            "start": 0.8106575963718822,
            "end": 1.4591836734693877,
            "phonemes": [
                [
                    "K",
                    0.8106575963718822,
                    0.8705215419501134
                ],
                [
                    "AH0",
                    0.8705215419501134,
                    0.9004535147392291
                ],
                [
                    "M",
                    0.9004535147392291,
                    1.0301587301587303
                ],
                [
                    "P",
                    1.0301587301587303,
                    1.1
                ],
                [
                    "L",
                    1.1,
                    1.139909297052154
                ],
                [
                    "IY1",
                    1.139909297052154,
                    1.2496598639455783
                ],
                [
                    "T",
                    1.2496598639455783,
                    1.3294784580498866
                ],
                [
                    "L",
                    1.3294784580498866,
                    1.3594104308390023
                ],
                [
                    "IY0",
                    1.3594104308390023,
                    1.4591836734693877
                ]
            ]
        },
        {
            "alignedWord": "TAKEN",
            "start": 1.4591836734693877,
            "end": 1.8782312925170068,
            "phonemes": [
                [
                    "T",
                    1.4591836734693877,
                    1.588888888888889
                ],
                [
                    "EY1",
                    1.588888888888889,
                    1.698639455782313
                ],
                [
                    "K",
                    1.698639455782313,
                    1.78843537414966
                ],
                [
                    "AH0",
                    1.78843537414966,
                    1.8183673469387756
                ],
                [
                    "N",
                    1.8183673469387756,
                    1.8782312925170068
                ]
            ]
        },
        {
            "alignedWord": "BY",
            "start": 1.8782312925170068,
            "end": 2.0777777777777775,
            "phonemes": [
                [
                    "B",
                    1.8782312925170068,
                    1.9380952380952379
                ],
                [
                    "AY1",
                    1.9380952380952379,
                    2.0777777777777775
                ]
            ]
        },
        {
            "alignedWord": "SURPRISE",
            "start": 2.0777777777777775,
            "end": 2.895918367346938,
            "phonemes": [
                [
                    "S",
                    2.0777777777777775,
                    2.247392290249433
                ],
                [
                    "ER0",
                    2.247392290249433,
                    2.2773242630385484
                ],
                [
                    "P",
                    2.2773242630385484,
                    2.417006802721088
                ],
                [
                    "R",
                    2.417006802721088,
                    2.4868480725623576
                ],
                [
                    "AY1",
                    2.4868480725623576,
                    2.766213151927437
                ],
                [
                    "Z",
                    2.766213151927437,
                    2.895918367346938
                ]
            ]
        },
        {
            "alignedWord": "sp",
            "start": 2.895918367346938,
            "end": 3.0336961451247166,
            "phonemes": [
                [
                    "sp",
                    2.895918367346938,
                    3.0336961451247166
                ]
            ]
        }
    ]
}