{
    "words": [
        {
            "alignedWord": "FOUR",
            "start": 0.0,
            "end": 1.1498866213151926,
            "phonemes": [
                [
                    "F",
                    0.0,
                    0.9204081632653062
                ],
                [
                    "AO1",
                    0.9204081632653062,
                    1.1199546485260772
                ],
                [
                    "R",
                    1.1199546485260772,
                    1.1498866213151926
                ]
            ]
        },
        {
            "alignedWord": "sp",
            "start": 1.1498866213151926,
            "end": 2.1808616780045353,
            "phonemes": [
                [
                    "sp",
                    1.1498866213151926,
                    2.1808616780045353
                ]
            ]
        }
    ]
}