{
    "words": [
        {
            "alignedWord": "ALL",
            "start": 0.0,
            "end": 0.27188208616780046,
            "phonemes": [
                [
                    "AO1",
                    0.0,
                    0.2120181405895692
                ],
                [
                    "L",
                    0.2120181405895692,
                    0.27188208616780046
                ]
            ]
        },
        {
            "alignedWord": "THE",
            "start": 0.27188208616780046,
            "end": 0.36167800453514737,
            "phonemes": [
                [
                    "DH",
                    0.27188208616780046,
                    0.3018140589569161
                ],
                [
                    "AH0",
                    0.3018140589569161,
                    0.36167800453514737
                ]
            ]
        },
        {
            "alignedWord": "VILLAGERS",
            "start": 0.36167800453514737,
            "end": 0.990249433106576,
            "phonemes": [
                [
                    "V",
                    0.36167800453514737,
                    0.43151927437641724
                ],
                [
                    "IH1",
                    0.43151927437641724,
                    0.46145124716553293
                ],
                [
                    "L",
                    0.46145124716553293,
                    0.5512471655328799
                ],
                [
                    "IH0",
                    0.5512471655328799,
                    0.5811791383219954
                ],
                [
                    "JH",
                    0.5811791383219954,
                    0.7208616780045352
                ],
                [
                    "ER0",
                    0.7208616780045352,
                    0.8206349206349207
                ],
                [
                    "Z",
                    0.8206349206349207,
                    0.990249433106576
                ]
            ]
        },
        {
            "alignedWord": "CHEERED",
            "start": 0.9902494331065759,
            "end": 1.409297052154195,
            "phonemes": [
                [
                    "CH",
                    0.9902494331065759,
                    1.1099773242630386
                ],
                [
                    "IH1",
                    1.1099773242630386,
                    1.2297052154195012
                ],
                [
                    "R",
                    1.2297052154195012,
                    1.3793650793650796
                ],
                [
                    "D",
                    1.3793650793650796,
                    1.409297052154195
                ]
            ]
        },
        {
            "alignedWord": "sp",
            "start": 1.409297052154195,
            "end": 2.715374149659864,
            "phonemes": [
                [
                    "sp",
                    1.409297052154195,
                    2.715374149659864
                ]
            ]
        }
    ]
}