{
    "words": [
        {
            "alignedWord": "HE",
            "start": 0.0,
            "end": 0.19206349206349205,
            "phonemes": [
                [
                    "HH",
                    0.0,
                    0.04240362811791383
                ],
                [
                    "IY1",
                    0.04240362811791383,
                    0.19206349206349205
                ]
            ]
        },
        {
            "alignedWord": "SUCCEEDED",
            "start": 0.19206349206349205,
            "end": 1.0301587301587303,
            "phonemes": [
                [
                    "S",
                    0.19206349206349205,
                    0.34172335600907033
                ],
                [
                    "AH0",
                    0.34172335600907033,
                    0.43151927437641724
                ],
                [
                    "K",
                    0.43151927437641724,
                    0.4714285714285715
                ],
                [
                    "S",
                    0.4714285714285715,
                    0.571201814058957
                ],
                [
                    "IY1",
                    0.571201814058957,
                    0.7507936507936508
                ],
                [
                    "D",
                    0.7507936507936508,
                    0.8106575963718822
                ],
                [
                    "AH0",
                    0.8106575963718822,
                    0.8904761904761905
                ],
                [
                    "D",
                    0.8904761904761905,
                    1.0301587301587303
                ]
            ]
        },
        {
            "alignedWord": "THE",
            "start": 1.0301587301587303,
            "end": 1.3594104308390023,
            "phonemes": [
                [
                    "DH",
                    1.0301587301587303,
                    1.1199546485260772
                ],
                [
                    "AH0",
                    1.1199546485260772,
                    1.3594104308390023
                ]
            ]
        },
        {
            "alignedWord": "SECOND",
            "start": 1.3594104308390023,
            "end": 1.8283446712018139,
            "phonemes": [
                [
                    "S",
                    1.3594104308390023,
                    1.5290249433106575
                ],
                [
                    "EH1",
                    1.5290249433106575,
                    1.64875283446712
                ],
                [
                    "K",
                    1.64875283446712,
                    1.6986394557823128
                ],
                [
                    "AH0",
                    1.6986394557823128,
                    1.7285714285714284
                ],
                [
                    "N",
                    1.7285714285714284,
                    1.7984126984126982
                ],
                [
                    "D",
                    1.7984126984126982,
                    1.8283446712018139
                ]
            ]
        },
        {
            "alignedWord": "sp",
            "start": 1.8283446712018139,
            "end": 1.978004535147392,
            "phonemes": [
                [
                    "sp",
                    1.8283446712018139,
                    1.978004535147392
                ]
            ]
        },
        {
            "alignedWord": "TIME",
            "start": 1.978004535147392,
            "end": 2.5068027210884356,
            "phonemes": [
                [
                    "T",
                    1.978004535147392,
                    2.0378684807256233
                ],
                [
                    "AY1",
                    2.0378684807256233,
                    2.287301587301587
                ],
                [
                    "M",
                    2.287301587301587,
                    2.5068027210884356
                ]
            ]
        },
        {
            "alignedWord": "sp",
            "start": 2.5068027210884356,
            "end": 3.607981859410431,
            "phonemes": [
                [
                    "sp",
                    2.5068027210884356,
                    3.607981859410431
                ]
            ]
        }
    ]
}