{
    "words": [
        {
            "alignedWord": "SEVEN",
            "start": 0.0,
            "end": 0.7208616780045352,
            "phonemes": [
                [
                    "S",
                    0.0,
                    0.1521541950113379
                ],
                [
                    "EH1",
                    0.1521541950113379,
                    0.28185941043083906
                ],
                [
                    "V",
                    0.28185941043083906,
                    0.34172335600907033
                ],
                [
                    "AH0",
                    0.34172335600907033,
                    0.3816326530612245
                ],
                [
                    "N",
                    0.3816326530612245,
                    0.7208616780045352
                ]
            ]
        },
        {
            "alignedWord": "sp",
            "start": 0.7208616780045352,
            "end": 1.2006802721088434,
            "phonemes": [
                [
                    "sp",
                    0.7208616780045352,
                    1.2006802721088434
                ]
            ]
        }
    ]
}