{
    "words": [
        {
            "alignedWord": "OPENING",
            "start": 0.0,
            "end": 0.3616780045351473,
            "phonemes": [
                [
                    "OW1",
                    0.0,
                    0.12222222222222222
                ],
                [
                    "P",
                    0.12222222222222222,
                    0.15215419501133787
                ],
                [
                    "AH0",
                    0.15215419501133787,
                    0.1820861678004535
                ],
                [
                    "N",
                    0.1820861678004535,
                    0.21201814058956914
                ],
                [
                    "IH0",
                    0.21201814058956914,
                    0.24195011337868477
                ],
                [
                    "NG",
                    0.24195011337868477,
                    0.3616780045351473
                ]
            ]
        },
        {
            "alignedWord": "THE",
            "start": 0.3616780045351473,
            "end": 0.42154195011337864,
            "phonemes": [
                [
                    "DH",
                    0.3616780045351473,
                    0.391609977324263
                ],
                [
                    "AH0",
                    0.391609977324263,
                    0.42154195011337864
                ]
            ]
        },
        {
            "alignedWord": "SOURCE",
            "start": 0.42154195011337864,
            "end": 0.7308390022675737,
            "phonemes": [
                [
                    "S",
                    0.42154195011337864,
                    0.501360544217687
                ],
                [
                    "AO1",
                    0.501360544217687,
                    0.6310657596371883
                ],
                [
                    "R",
                    0.6310657596371883,
                    0.6609977324263039
                ],
                [
                    "S",
                    0.6609977324263039,
                    0.7308390022675737
                ]
            ]
        },
        {
            "alignedWord": "CODE",
            "start": 0.7308390022675737,
            "end": 1.1498866213151928,
            "phonemes": [
                [
                    "K",
                    0.7308390022675737,
                    0.7907029478458051
                ],
                [
                    "OW1",
                    0.7907029478458051,
                    0.9303854875283448
                ],
                [
                    "D",
                    0.9303854875283448,
                    1.1498866213151928
                ]
            ]
        },
        {
            "alignedWord": "CAN",
            "start": 1.1498866213151928,
            "end": 1.429251700680272,
            "phonemes": [
                [
                    "K",
                    1.1498866213151928,
                    1.2396825396825397
                ],
                [
                    "AE1",
                    1.2396825396825397,
                    1.369387755102041
                ],
                [
                    "N",
                    1.369387755102041,
                    1.429251700680272
                ]
            ]
        },
        {
            "alignedWord": "BE",
            "start": 1.429251700680272,
            "end": 1.519047619047619,
            "phonemes": [
                [
                    "B",
                    1.429251700680272,
                    1.4591836734693877
                ],
                [
                    "IY1",
                    1.4591836734693877,
                    1.519047619047619
                ]
            ]
        },
        {
            "alignedWord": "A",
            "start": 1.519047619047619,
            "end": 1.5589569160997732,
            "phonemes": [
                [
                    "AH0",
                    1.519047619047619,
                    1.5589569160997732
                ]
            ]
        },
        {
            "alignedWord": "MEASURE",
            "start": 1.5589569160997732,
            "end": 2.0278911564625846,
            "phonemes": [
                [
                    "M",
                    1.5589569160997732,
                    1.628798185941043
                ],
                [
                    "EH1",
                    1.628798185941043,
                    1.7086167800453511
                ],
                [
                    "ZH",
                    1.7086167800453511,
                    1.7684807256235824
                ],
                [
                    "ER0",
                    1.7684807256235824,
                    2.0278911564625846
                ]
            ]
        },
        {
            "alignedWord": "sp",
            "start": 2.0278911564625846,
            "end": 2.087755102040816,
            "phonemes": [
                [
                    "sp",
                    2.0278911564625846,
                    2.087755102040816
                ]
            ]
        },
        {
            "alignedWord": "TO",
            "start": 2.087755102040816,
            "end": 2.307256235827664,
            "phonemes": [
                [
                    "T",
                    2.087755102040816,
                    2.1176870748299312
                ],
                [
                    "UW1",
                    2.1176870748299312,
                    2.307256235827664
                ]
            ]
        },
        {
            "alignedWord": "sp",
            "start": 2.307256235827664,
            "end": 2.3371882086167797,
            "phonemes": [
                [
                    "sp",
                    2.307256235827664,
                    2.3371882086167797
                ]
            ]
        },
        {
            "alignedWord": "CREATE",
            "start": 2.3371882086167797,
            "end": 2.786167800453514,
            "phonemes": [
                [
                    "K",
                    2.3371882086167797,
                    2.367120181405895
                ],
                [
                    "R",
                    2.367120181405895,
                    2.5566893424036277
                ],
                [
                    "IY0",
                    2.5566893424036277,
                    2.686394557823129
                ],
                [
                    "EY1",
                    2.686394557823129,
                    2.7562358276643986
                ],
                [
                    "T",
                    2.7562358276643986,
                    2.786167800453514
                ]
            ]
        },
        {
            "alignedWord": "TRUST",
            "start": 2.786167800453514,
            "end": 3.245124716553287,
            "phonemes": [
                [
                    "T",
                    2.786167800453514,
                    2.8659863945578223
                ],
                [
                    "R",
                    2.8659863945578223,
                    2.9158730158730153
                ],
                [
                    "AH1",
                    2.9158730158730153,
                    3.005668934240362
                ],
                [
                    "S",
                    3.005668934240362,
                    3.1453514739229016
                ],
                [
                    "T",
                    3.1453514739229016,
                    3.245124716553287
                ]
            ]
        },
        {
            "alignedWord": "IN",
            "start": 3.245124716553287,
            "end": 3.304988662131518,