{
    "words": [
        {
            "alignedWord": "ALL",
            "start": 0.0,
            "end": 0.2619047619047619,
            "phonemes": [
                [
                    "AO1",
                    0.0,
                    0.18208616780045353
                ],
                [
                    "L",
                    0.18208616780045353,
                    0.2619047619047619
                ]
            ]
        },
        {
            "alignedWord": "THE",
            "start": 0.2619047619047619,
            "end": 0.34172335600907033,
            "phonemes": [
                [
                    "DH",
                    0.2619047619047619,
                    0.3018140589569161
                ],
                [
                    "AH0",
                    0.3018140589569161,
                    0.34172335600907033
                ]
            ]
        },
        {
            "alignedWord": "VILLAGERS",
            "start": 0.34172335600907033,
            "end": 0.990249433106576,
            "phonemes": [
                [
                    "V",
                    0.34172335600907033,
                    0.45147392290249433
                ],
                [
                    "IH1",
                    0.45147392290249433,
                    0.48140589569160996
                ],
                [
                    "L",
                    0.48140589569160996,
                    0.5512471655328799
                ],
                [
                    "IH0",
                    0.5512471655328799,
                    0.6011337868480726
                ],
                [
                    "JH",
                    0.6011337868480726,
                    0.7108843537414966
                ],
                [
                    "ER0",
                    0.7108843537414966,
                    0.8206349206349207
                ],
                [
                    "Z",
                    0.8206349206349207,
                    0.990249433106576
                ]
            ]
        },
        {
            "alignedWord": "CHEERED",
            "start": 0.990249433106576,
            "end": 1.2152834467120182,
            "phonemes": [
                [
                    "CH",
                    0.990249433106576,
                    1.1199546485260772
                ],
                [
                    "IH1",
                    1.1199546485260772,
                    1.1498866213151926
                ],
                [
                    "R",
                    1.1498866213151926,
                    1.1798185941043082
                ],
                [
                    "D",
                    1.1798185941043082,
                    1.2152834467120182
                ]
            ]
        }
    ]
}