{
    "words": [
        {
            "alignedWord": "TOOLS",
            "start": 0.0,
            "end": 0.6210884353741497,
            "phonemes": [
                [
                    "T",
                    0.0,
                    0.43151927437641724
                ],
                [
                    "UW1",
                    0.43151927437641724,
                    0.501360544217687
                ],
                [
                    "L",
                    0.501360544217687,
                    0.5612244897959184
                ],
                [
                    "Z",
                    0.5612244897959184,
                    0.6210884353741497
                ]
            ]
        },
        {
            "alignedWord": "MADE",
            "start": 0.6210884353741497,
            "end": 0.8006802721088437,
            "phonemes": [
                [
                    "M",
                    0.6210884353741497,
                    0.6809523809523811
                ],
                [
                    "EY1",
                    0.6809523809523811,
                    0.7408163265306124
                ],
                [
                    "D",
                    0.7408163265306124,
                    0.8006802721088437
                ]
            ]
        },
        {
            "alignedWord": "OF",
            "start": 0.8006802721088437,
            "end": 0.9004535147392292,
            "phonemes": [
                [
                    "AH1",
                    0.8006802721088437,
                    0.8405895691609978
                ],
                [
                    "V",
                    0.8405895691609978,
                    0.9004535147392292
                ]
            ]
        },
        {
            "alignedWord": "VANADIUM",
            "start": 0.9004535147392292,
            "end": 1.4492063492063494,
            "phonemes": [
                [
                    "V",
                    0.9004535147392292,
                    0.9303854875283448
                ],
                [
                    "AH0",
                    0.9303854875283448,
                    0.9802721088435375
                ],
                [
                    "N",
                    0.9802721088435375,
                    1.0501133786848074
                ],
                [
                    "EY1",
                    1.0501133786848074,
                    1.189795918367347
                ],
                [
                    "D",
                    1.189795918367347,
                    1.2297052154195012
                ],
                [
                    "IY0",
                    1.2297052154195012,
                    1.3294784580498868
                ],
                [
                    "AH0",
                    1.3294784580498868,
                    1.3594104308390025
                ],
                [
                    "M",
                    1.3594104308390025,
                    1.4492063492063494
                ]
            ]
        },
        {
            "alignedWord": "RUST",
            "start": 1.4492063492063494,
            "end": 1.8083900226757372,
            "phonemes": [
                [
                    "R",
                    1.4492063492063494,
                    1.5689342403628121
                ],
                [
                    "AH1",
                    1.5689342403628121,
                    1.6188208616780049
                ],
                [
                    "S",
                    1.6188208616780049,
                    1.7784580498866216
                ],
                [
                    "T",
                    1.7784580498866216,
                    1.8083900226757372
                ]
            ]
        },
        {
            "alignedWord": "AS",
            "start": 1.8083900226757372,
            "end": 1.898185941043084,
            "phonemes": [
                [
                    "AE1",
                    1.8083900226757372,
                    1.8383219954648529
                ],
                [
                    "Z",
                    1.8383219954648529,
                    1.898185941043084
                ]
            ]
        },
        {
            "alignedWord": "FAR",
            "start": 1.898185941043084,
            "end": 2.177551020408163,
            "phonemes": [
                [
                    "F",
                    1.898185941043084,
                    1.9580498866213152
                ],
                [
                    "AA1",
                    1.9580498866213152,
                    2.0578231292517004
                ],
                [
                    "R",
                    2.0578231292517004,
                    2.177551020408163
                ]
            ]
        },
        {
            "alignedWord": "AS",
            "start": 2.177551020408163,
            "end": 2.2972789115646255,
            "phonemes": [
                [
                    "AE1",
                    2.177551020408163,
                    2.207482993197279
                ],
                [
                    "Z",
                    2.207482993197279,
                    2.2972789115646255
                ]
            ]
        },
        {
            "alignedWord": "I",
            "start": 2.2972789115646255,
            "end": 2.367120181405895,
            "phonemes": [
                [
                    "AY1",
                    2.2972789115646255,
                    2.367120181405895
                ]
            ]
        },
        {
            "alignedWord": "AM",
            "start": 2.367120181405895,
            "end": 2.456916099773242,
            "phonemes": [
                [
                    "AE1",
                    2.367120181405895,
                    2.397052154195011
                ],
                [
                    "M",
                    2.397052154195011,
                    2.456916099773242
                ]
            ]
        },
        {
            "alignedWord": "AWARE",
            "start": 2.456916099773242,
            "end": 2.9358276643990924,
            "phonemes": [
                [
                    "AH0",
                    2.456916099773242,
                    2.5068027210884347
                ],
                [
                    "W",
                    2.5068027210884347,
                    2.6165532879818585
                ],
                [
                    "EH1",
                    2.6165532879818585,
                    2.74625850340136
                ],
                [
                    "R",
                    2.74625850340136,
                    2.9358276643990924
                ]
            ]
        },
        {
            "alignedWord": "sp",
            "start": 2.9358276643990924,
            "end": 3.422131519274376,
            "phonemes": [
                [
                    "sp",
                    2.9358276643990924,
                    3.422131519274376
                ]
            ]
        }
    ]
}