{
    "words": [
        {
            "alignedWord": "sp",
            "start": 0.0,
            "end": 0.2918367346938776,
            "phonemes": [
                [
                    "sp",
                    0.0,
                    0.2918367346938776
                ]
            ]
        },
        {
            "alignedWord": "ONE",
            "start": 0.2918367346938776,
            "end": 0.9325170068027211,
            "phonemes": [
                [
                    "W",
                    0.2918367346938776,
                    0.32176870748299324
                ],
                [
                    "AH1",
                    0.32176870748299324,
                    0.6609977324263039
                ],
                [
                    "N",
                    0.6609977324263039,
                    0.9325170068027211
                ]
            ]
        }
    ]
}