{
    "words": [
        {
            "alignedWord": "MANY",
            "start": 0.0,
            "end": 0.30181405895691604,
            "phonemes": [
                [
                    "M",
                    0.0,
                    0.10226757369614513
                ],
                [
                    "EH1",
                    0.10226757369614513,
                    0.1521541950113379
                ],
                [
                    "N",
                    0.1521541950113379,
                    0.18208616780045353
                ],
                [
                    "IY0",
                    0.18208616780045353,
                    0.30181405895691604
                ]
            ]
        },
        {
            "alignedWord": "SOLDIERS",
            "start": 0.30181405895691604,
            "end": 0.8405895691609976,
            "phonemes": [
                [
                    "S",
                    0.30181405895691604,
                    0.4315192743764172
                ],
                [
                    "OW1",
                    0.4315192743764172,
                    0.49138321995464845
                ],
                [
                    "L",
                    0.49138321995464845,
                    0.5811791383219953
                ],
                [
                    "JH",
                    0.5811791383219953,
                    0.6510204081632652
                ],
                [
                    "ER0",
                    0.6510204081632652,
                    0.7707482993197278
                ],
                [
                    "Z",
                    0.7707482993197278,
                    0.8405895691609976
                ]
            ]
        },
        {
            "alignedWord": "OF",
            "start": 0.8405895691609976,
            "end": 0.9603174603174601,
            "phonemes": [
                [
                    "AH1",
                    0.8405895691609976,
                    0.8804988662131518
                ],
                [
                    "V",
                    0.8804988662131518,
                    0.9603174603174601
                ]
            ]
        },
        {
            "alignedWord": "WORLD",
            "start": 0.9603174603174601,
            "end": 1.2297052154195007,
            "phonemes": [
                [
                    "W",
                    0.9603174603174601,
                    1.0401360544217686
                ],
                [
                    "ER1",
                    1.0401360544217686,
                    1.119954648526077
                ],
                [
                    "L",
                    1.119954648526077,
                    1.1897959183673465
                ],
                [
                    "D",
                    1.1897959183673465,
                    1.2297052154195007
                ]
            ]
        },
        {
            "alignedWord": "sp",
            "start": 1.2297052154195007,
            "end": 1.309523809523809,
            "phonemes": [
                [
                    "sp",
                    1.2297052154195007,
                    1.309523809523809
                ]
            ]
        },
        {
            "alignedWord": "WAR",
            "start": 1.309523809523809,
            "end": 1.489115646258503,
            "phonemes": [
                [
                    "W",
                    1.309523809523809,
                    1.3494331065759633
                ],
                [
                    "AO1",
                    1.3494331065759633,
                    1.3893424036281172
                ],
                [
                    "R",
                    1.3893424036281172,
                    1.489115646258503
                ]
            ]
        },
        {
            "alignedWord": "TWO",
            "start": 1.489115646258503,
            "end": 1.9081632653061218,
            "phonemes": [
                [
                    "T",
                    1.489115646258503,
                    1.6687074829931967
                ],
                [
                    "UW1",
                    1.6687074829931967,
                    1.9081632653061218
                ]
            ]
        },
        {
            "alignedWord": "HAVE",
            "start": 1.9081632653061218,
            "end": 2.077777777777777,
            "phonemes": [
                [
                    "HH",
                    1.9081632653061218,
                    1.9879818594104302
                ],
                [
                    "AE1",
                    1.9879818594104302,
                    2.037868480725623
                ],
                [
                    "V",
                    2.037868480725623,
                    2.077777777777777
                ]
            ]
        },
        {
            "alignedWord": "NEVER",
            "start": 2.077777777777777,
            "end": 2.3870748299319717,
            "phonemes": [
                [
                    "N",
                    2.077777777777777,
                    2.1775510204081625
                ],
                [
                    "EH1",
                    2.1775510204081625,
                    2.2274376417233555
                ],
                [
                    "V",
                    2.2274376417233555,
                    2.277324263038548
                ],
                [
                    "ER0",
                    2.277324263038548,
                    2.3870748299319717
                ]
            ]
        },
        {
            "alignedWord": "BEEN",
            "start": 2.3870748299319717,
            "end": 2.5866213151927426,
            "phonemes": [
                [
                    "B",
                    2.3870748299319717,
                    2.4369614512471647
                ],
                [
                    "IH1",
                    2.4369614512471647,
                    2.486848072562357
                ],
                [
                    "N",
                    2.486848072562357,
                    2.5866213151927426
                ]
            ]
        },
        {
            "alignedWord": "BURIED",
            "start": 2.5866213151927426,
            "end": 3.025623582766438,
            "phonemes": [
                [
                    "B",
                    2.5866213151927426,
                    2.666439909297051
                ],
                [
                    "EH1",
                    2.666439909297051,
                    2.7761904761904748
                ],
                [
                    "R",
                    2.7761904761904748,
                    2.8260770975056673
                ],
                [
                    "IY0",
                    2.8260770975056673,
                    2.985714285714284
                ],
                [
                    "D",
                    2.985714285714284,
                    3.025623582766438
                ]
            ]
        },
        {
            "alignedWord": "ON",
            "start": 3.025623582766438,
            "end": 3.2151927437641703,
            "phonemes": [
                [
                    "AA1",
                    3.025623582766438,
                    3.175283446712016
                ],
                [
                    "N",
                    3.175283446712016,
                    3.2151927437641703
                ]
            ]
        },
        {
            "alignedWord": "A",
            "start": 3.2151927437641703,
            "end": 3.3149659863945558,
            "phonemes": [
                [
                    "AH0",
                    3.2151927437641703,
                    3.3149659863945558
                ]
            ]
        },
        {
            "alignedWord": "GRAVE",
            "start": 3.3149659863945558,