{
    "words": [
        {
            "alignedWord": "YOUD",
            "start": 0.0,
            "end": 0.21201814058956917,
            "phonemes": [
                [
                    "Y",
                    0.0,
                    0.09229024943310657
                ],
                [
                    "AH1",
                    0.09229024943310657,
                    0.12222222222222222
                ],
                [
                    "D",
                    0.12222222222222222,
                    0.21201814058956917
                ]
            ]
        },
        {
            "alignedWord": "BETTER",
            "start": 0.21201814058956917,
            "end": 0.5213151927437641,
            "phonemes": [
                [
                    "B",
                    0.21201814058956917,
                    0.2619047619047619
                ],
                [
                    "EH1",
                    0.2619047619047619,
                    0.3716553287981859
                ],
                [
                    "T",
                    0.3716553287981859,
                    0.4714285714285714
                ],
                [
                    "ER0",
                    0.4714285714285714,
                    0.5213151927437641
                ]
            ]
        },
        {
            "alignedWord": "START",
            "start": 0.5213151927437641,
            "end": 1.0800453514739228,
            "phonemes": [
                [
                    "S",
                    0.5213151927437641,
                    0.6909297052154195
                ],
                [
                    "T",
                    0.6909297052154195,
                    0.720861678004535
                ],
                [
                    "AA1",
                    0.720861678004535,
                    0.9303854875283446
                ],
                [
                    "R",
                    0.9303854875283446,
                    0.9603174603174601
                ],
                [
                    "T",
                    0.9603174603174601,
                    1.0800453514739228
                ]
            ]
        },
        {
            "alignedWord": "RIGHT",
            "start": 1.0800453514739228,
            "end": 1.3294784580498866,
            "phonemes": [
                [
                    "R",
                    1.0800453514739228,
                    1.1698412698412697
                ],
                [
                    "AY1",
                    1.1698412698412697,
                    1.2895691609977324
                ],
                [
                    "T",
                    1.2895691609977324,
                    1.3294784580498866
                ]
            ]
        },
        {
            "alignedWord": "NOW",
            "start": 1.3294784580498866,
            "end": 1.7408163265306122,
            "phonemes": [
                [
                    "N",
                    1.3294784580498866,
                    1.4392290249433106
                ],
                [
                    "AW1",
                    1.4392290249433106,
                    1.7408163265306122
                ]
            ]
        }
    ]
}