{
    "words": [
        {
            "alignedWord": "sp",
            "start": 0.0,
            "end": 0.08231292517006802,
            "phonemes": [
                [
                    "sp",
                    0.0,
                    0.08231292517006802
                ]
            ]
        },
        {
            "alignedWord": "THEYRE",
            "start": 0.08231292517006802,
            "end": 0.3117913832199546,
            "phonemes": [
                [
                    "TH",
                    0.08231292517006802,
                    0.1820861678004535
                ],
                [
                    "EH1",
                    0.1820861678004535,
                    0.21201814058956914
                ],
                [
                    "R",
                    0.21201814058956914,
                    0.3117913832199546
                ]
            ]
        },
        {
            "alignedWord": "ALWAYS",
            "start": 0.3117913832199546,
            "end": 0.6210884353741496,
            "phonemes": [
                [
                    "AO1",
                    0.3117913832199546,
                    0.391609977324263
                ],
                [
                    "L",
                    0.391609977324263,
                    0.42154195011337864
                ],
                [
                    "W",
                    0.42154195011337864,
                    0.501360544217687
                ],
                [
                    "EY2",
                    0.501360544217687,
                    0.5312925170068027
                ],
                [
                    "Z",
                    0.5312925170068027,
                    0.6210884353741496
                ]
            ]
        },
        {
            "alignedWord": "AFTER",
            "start": 0.6210884353741496,
            "end": 0.9802721088435373,
            "phonemes": [
                [
                    "AE1",
                    0.6210884353741496,
                    0.8206349206349206
                ],
                [
                    "F",
                    0.8206349206349206,
                    0.8505668934240361
                ],
                [
                    "T",
                    0.8505668934240361,
                    0.9104308390022675
                ],
                [
                    "ER0",
                    0.9104308390022675,
                    0.9802721088435373
                ]
            ]
        },
        {
            "alignedWord": "ME",
            "start": 0.9802721088435373,
            "end": 1.1598639455782311,
            "phonemes": [
                [
                    "M",
                    0.9802721088435373,
                    1.0201814058956915
                ],
                [
                    "IY1",
                    1.0201814058956915,
                    1.1598639455782311
                ]
            ]
        },
        {
            "alignedWord": "FOR",
            "start": 1.1598639455782311,
            "end": 1.3793650793650793,
            "phonemes": [
                [
                    "F",
                    1.1598639455782311,
                    1.2696145124716554
                ],
                [
                    "AO1",
                    1.2696145124716554,
                    1.319501133786848
                ],
                [
                    "R",
                    1.319501133786848,
                    1.3793650793650793
                ]
            ]
        },
        {
            "alignedWord": "INTERVIEWS",
            "start": 1.3793650793650793,
            "end": 2.1376417233560088,
            "phonemes": [
                [
                    "IH1",
                    1.3793650793650793,
                    1.4392290249433104
                ],
                [
                    "N",
                    1.4392290249433104,
                    1.469160997732426
                ],
                [
                    "T",
                    1.469160997732426,
                    1.4990929705215417
                ],
                [
                    "ER0",
                    1.4990929705215417,
                    1.5888888888888886
                ],
                [
                    "V",
                    1.5888888888888886,
                    1.6287981859410428
                ],
                [
                    "Y",
                    1.6287981859410428,
                    1.778458049886621
                ],
                [
                    "UW2",
                    1.778458049886621,
                    1.908163265306122
                ],
                [
                    "Z",
                    1.908163265306122,
                    2.1376417233560088
                ]
            ]
        },
        {
            "alignedWord": "sp",
            "start": 2.1376417233560088,
            "end": 3.2501133786848073,
            "phonemes": [
                [
                    "sp",
                    2.1376417233560088,
                    3.2501133786848073
                ]
            ]
        }
    ]
}