{
    "words": [
        {
            "alignedWord": "AFTER",
            "start": 0.0,
            "end": 0.2219954648526077,
            "phonemes": [
                [
                    "AE1",
                    0.0,
                    0.06235827664399093
                ],
                [
                    "F",
                    0.06235827664399093,
                    0.11224489795918367
                ],
                [
                    "T",
                    0.11224489795918367,
                    0.1621315192743764
                ],
                [
                    "ER0",
                    0.1621315192743764,
                    0.2219954648526077
                ]
            ]
        },
        {
            "alignedWord": "BEING",
            "start": 0.2219954648526077,
            "end": 0.3916099773242631,
            "phonemes": [
                [
                    "B",
                    0.2219954648526077,
                    0.2619047619047619
                ],
                [
                    "IY1",
                    0.2619047619047619,
                    0.2918367346938776
                ],
                [
                    "IH0",
                    0.2918367346938776,
                    0.32176870748299324
                ],
                [
                    "NG",
                    0.32176870748299324,
                    0.3916099773242631
                ]
            ]
        },
        {
            "alignedWord": "TRADED",
            "start": 0.3916099773242631,
            "end": 0.700907029478458,
            "phonemes": [
                [
                    "T",
                    0.3916099773242631,
                    0.48140589569161
                ],
                [
                    "R",
                    0.48140589569161,
                    0.5412698412698413
                ],
                [
                    "EY1",
                    0.5412698412698413,
                    0.571201814058957
                ],
                [
                    "D",
                    0.571201814058957,
                    0.6210884353741497
                ],
                [
                    "IH0",
                    0.6210884353741497,
                    0.6609977324263039
                ],
                [
                    "D",
                    0.6609977324263039,
                    0.700907029478458
                ]
            ]
        },
        {
            "alignedWord": "TO",
            "start": 0.700907029478458,
            "end": 0.790702947845805,
            "phonemes": [
                [
                    "T",
                    0.700907029478458,
                    0.7607709750566893
                ],
                [
                    "UW1",
                    0.7607709750566893,
                    0.790702947845805
                ]
            ]
        },
        {
            "alignedWord": "sp",
            "start": 0.790702947845805,
            "end": 0.8804988662131519,
            "phonemes": [
                [
                    "sp",
                    0.790702947845805,
                    0.8804988662131519
                ]
            ]
        },
        {
            "alignedWord": "PONCE",
            "start": 0.8804988662131519,
            "end": 1.3294784580498866,
            "phonemes": [
                [
                    "P",
                    0.8804988662131519,
                    0.9403628117913833
                ],
                [
                    "OW1",
                    0.9403628117913833,
                    1.0900226757369615
                ],
                [
                    "N",
                    1.0900226757369615,
                    1.1598639455782311
                ],
                [
                    "S",
                    1.1598639455782311,
                    1.299546485260771
                ],
                [
                    "EY0",
                    1.299546485260771,
                    1.3294784580498866
                ]
            ]
        },
        {
            "alignedWord": "CASIANO",
            "start": 1.3294784580498866,
            "end": 1.9281179138321995,
            "phonemes": [
                [
                    "K",
                    1.3294784580498866,
                    1.429251700680272
                ],
                [
                    "AA0",
                    1.429251700680272,
                    1.4791383219954648
                ],
                [
                    "S",
                    1.4791383219954648,
                    1.6287981859410432
                ],
                [
                    "IY0",
                    1.6287981859410432,
                    1.6587301587301586
                ],
                [
                    "AA1",
                    1.6587301587301586,
                    1.7585034013605443
                ],
                [
                    "N",
                    1.7585034013605443,
                    1.7984126984126985
                ],
                [
                    "OW0",
                    1.7984126984126985,
                    1.9281179138321995
                ]
            ]
        },
        {
            "alignedWord": "WON",
            "start": 1.9281179138321995,
            "end": 2.0877551020408163,
            "phonemes": [
                [
                    "W",
                    1.9281179138321995,
                    1.9780045351473923
                ],
                [
                    "AH1",
                    1.9780045351473923,
                    2.007936507936508
                ],
                [
                    "N",
                    2.007936507936508,
                    2.0877551020408163
                ]
            ]
        },
        {
            "alignedWord": "TWO",
            "start": 2.0877551020408163,
            "end": 2.2673469387755096,
            "phonemes": [
                [
                    "T",
                    2.0877551020408163,
                    2.19750566893424
                ],
                [
                    "UW1",
                    2.19750566893424,
                    2.2673469387755096
                ]
            ]
        },
        {
            "alignedWord": "MORE",
            "start": 2.2673469387755096,
            "end": 2.5068027210884347,
            "phonemes": [
                [
                    "M",
                    2.2673469387755096,
                    2.3571428571428568
                ],
                [
                    "AO1",
                    2.3571428571428568,
                    2.4269841269841264
                ],
                [
                    "R",
                    2.4269841269841264,
                    2.5068027210884347
                ]
            ]
        },
        {
            "alignedWord": "CHAMPIONSHIPS",
            "start": 2.5068027210884347,
            "end": 3.1553287981859395,