{
    "words": [
        {
            "alignedWord": "sp",
            "start": 0.0,
            "end": 0.680952380952381,
            "phonemes": [
                [
                    "sp",
                    0.0,
                    0.680952380952381
                ]
            ]
        },
        {
            "alignedWord": "PUBLICATIONS",
            "start": 0.680952380952381,
            "end": 1.4791383219954648,
            "phonemes": [
                [
                    "P",
                    0.680952380952381,
                    0.7308390022675737
                ],
                [
                    "AH2",
                    0.7308390022675737,
                    0.7807256235827665
                ],
                [
                    "B",
                    0.7807256235827665,
                    0.8505668934240364
                ],
                [
                    "L",
                    0.8505668934240364,
                    0.9104308390022677
                ],
                [
                    "IH0",
                    0.9104308390022677,
                    0.9603174603174605
                ],
                [
                    "K",
                    0.9603174603174605,
                    1.0401360544217688
                ],
                [
                    "EY1",
                    1.0401360544217688,
                    1.1199546485260772
                ],
                [
                    "SH",
                    1.1199546485260772,
                    1.2396825396825397
                ],
                [
                    "AH0",
                    1.2396825396825397,
                    1.279591836734694
                ],
                [
                    "N",
                    1.279591836734694,
                    1.3494331065759637
                ],
                [
                    "Z",
                    1.3494331065759637,
                    1.4791383219954648
                ]
            ]
        },
        {
            "alignedWord": "PUT",
            "start": 1.4791383219954648,
            "end": 1.8383219954648526,
            "phonemes": [
                [
                    "P",
                    1.4791383219954648,
                    1.539002267573696
                ],
                [
                    "UH1",
                    1.539002267573696,
                    1.6287981859410432
                ],
                [
                    "T",
                    1.6287981859410432,
                    1.8383219954648526
                ]
            ]
        },
        {
            "alignedWord": "sp",
            "start": 1.8383219954648526,
            "end": 1.8981859410430837,
            "phonemes": [
                [
                    "sp",
                    1.8383219954648526,
                    1.8981859410430837
                ]
            ]
        },
        {
            "alignedWord": "OUT",
            "start": 1.8981859410430837,
            "end": 2.4170068027210885,
            "phonemes": [
                [
                    "AW1",
                    1.8981859410430837,
                    2.0877551020408163
                ],
                [
                    "T",
                    2.0877551020408163,
                    2.4170068027210885
                ]
            ]
        },
        {
            "alignedWord": "sp",
            "start": 2.4170068027210885,
            "end": 2.6863945578231294,
            "phonemes": [
                [
                    "sp",
                    2.4170068027210885,
                    2.6863945578231294
                ]
            ]
        },
        {
            "alignedWord": "TWO",
            "start": 2.6863945578231294,
            "end": 2.9956916099773245,
            "phonemes": [
                [
                    "T",
                    2.6863945578231294,
                    2.716326530612245
                ],
                [
                    "UW1",
                    2.716326530612245,
                    2.9956916099773245
                ]
            ]
        },
        {
            "alignedWord": "sp",
            "start": 2.9956916099773245,
            "end": 3.0755102040816324,
            "phonemes": [
                [
                    "sp",
                    2.9956916099773245,
                    3.0755102040816324
                ]
            ]
        },
        {
            "alignedWord": "ISSUES",
            "start": 3.0755102040816324,
            "end": 3.704081632653061,
            "phonemes": [
                [
                    "IH1",
                    3.0755102040816324,
                    3.175283446712018
                ],
                [
                    "SH",
                    3.175283446712018,
                    3.3049886621315188
                ],
                [
                    "UW0",
                    3.3049886621315188,
                    3.4446712018140584
                ],
                [
                    "Z",
                    3.4446712018140584,
                    3.704081632653061
                ]
            ]
        },
        {
            "alignedWord": "sp",
            "start": 3.704081632653061,
            "end": 4.083219954648526,
            "phonemes": [
                [
                    "sp",
                    3.704081632653061,
                    4.083219954648526
                ]
            ]
        },
        {
            "alignedWord": "OF",
            "start": 4.083219954648526,
            "end": 4.342630385487529,
            "phonemes": [
                [
                    "AH1",
                    4.083219954648526,
                    4.3126984126984125
                ],
                [
                    "V",
                    4.3126984126984125,
                    4.342630385487529
                ]
            ]
        },
        {
            "alignedWord": "sp",
            "start": 4.342630385487529,
            "end": 5.809297052154195,
            "phonemes": [
                [
                    "sp",
                    4.342630385487529,
                    5.809297052154195
                ]
            ]
        },
        {
            "alignedWord": "TAILSPIN",
            "start": 5.809297052154195,
            "end": 6.5376417233560105,
            "phonemes": [
                [
                    "T",
                    5.809297052154195,
                    5.8591836734693885
                ],
                [
                    "EY1",
                    5.8591836734693885,
                    5.948979591836736
                ],
                [
                    "L",
                    5.948979591836736,
                    6.018820861678005
                ],
                [
                    "S",
                    6.018820861678005,
                    6.1984126984126995
                ],
                [
                    "P",
                    6.1984126984126995,
                    6.268253968253969
                ],
                [
                    "IH2",
                    6.268253968253969,
                    6.368027210884355
                ],
                [
                    "N",
                    6.368027210884355,
                    6.5376417233560105
                ]
            ]
        },
        {
            "alignedWord": "sp",
            "start": 6.5376417233560105,
            "end": 6.767120181405897,
            "phonemes": [
                [
                    "sp",
                    6.5376417233560105,
                    6.767120181405897
                ]
            ]
        },
        {
            "alignedWord": "TOMMY",
            "start": 6.767120181405897,
            "end": 7.285941043083902,